County,SeriesId
Autauga County,ALAUTA1URN
Baldwin County,ALBALD0URN
Barbour County,ALBARB5URN
Bibb County,ALBIBB7URN
Blount County,ALBLOU9URN
Bullock County,ALBULL1URN
Butler County,ALBUTL3URN
Calhoun County,ALCALH5URN
Chambers County,ALCHAM7URN
Cherokee County,ALCHER9URN
Chilton County,ALCHIL1URN
Choctaw County,ALCHOC3URN
Clarke County,ALCLAR5URN
Clay County,ALCLAY7URN
Cleburne County,ALCLEB9URN
Coffee County,ALCOFF1URN
Colbert County,ALCOLB0URN
Conecuh County,ALCONE5URN
Coosa County,ALCOOS7URN
Covington County,ALCOVI9URN
Crenshaw County,ALCREN1URN
Cullman County,ALCULL0URN
Dale County,ALDALE5URN
Dallas County,ALDALL0URN
DeKalb County,ALDEKA7URN
Elmore County,ALELMO1URN
Escambia County,ALESCA3URN
Etowah County,ALETOW1URN
Fayette County,ALFAYE7URN
Franklin County,ALFRAN9URN
Geneva County,ALGENE1URN
Greene County,ALGREE3URN
Hale County,ALHALE5URN
Henry County,ALHENR7URN
Houston County,ALHOUS5URN
Jackson County,ALJACK7URN
Jefferson County,ALJEFF5URN
Lamar County,ALLAMA5URN
Lauderdale County,ALLAUD0URN
Lawrence County,ALLAWR9URN
Lee County,ALLEEC5URN
Limestone County,ALLIME3URN
Lowndes County,ALLOWN5URN
Macon County,ALMACO7URN
Madison County,ALMADI9URN
Marengo County,ALMARE1URN
Marion County,ALMARI3URN
Marshall County,ALMARS0URN
Mobile County,ALMOBI7URN
Monroe County,ALMONR9URN
Montgomery County,ALMONT1URN
Morgan County,ALMORG5URN
Perry County,ALPERR5URN
Pickens County,ALPICK7URN
Pike County,ALPIKE9URN
Randolph County,ALRAND1URN
Russell County,ALRUSS3URN
Shelby County,ALSHEL0URN
St. Clair County,ALSTCL5URN
Sumter County,ALSUMT9URN
Talladega County,ALTALL0URN
Tallapoosa County,ALTALL3URN
Tuscaloosa County,ALTUSC2URN
Walker County,ALWALK5URN
Washington County,ALWASH9URN
Wilcox County,ALWILC1URN
Winston County,ALWINS3URN
Aleutians East Borough,AKALEU3URN
Aleutians West Census Area,AKALEU0URN
Anchorage Municipality,
Bethel Census Area,AKBETH0URN
Bristol Bay Borough,AKBRIS0URN
Chugach Census Area,AKJUNE0URN
Copper River Census Area,AKKETC0URN
Denali Borough,AKDENA8URN
Dillingham Census Area,AKDILL0URN
Fairbanks North Star Borough,AKFAIR0URN
Haines Borough,AKHAIN0URN
Hoonah-Angoon Census Area,LAUCN021050000000003
Juneau City and Borough,
Kenai Peninsula Borough,AKKENA2URN
Ketchikan Gateway Borough,AKKETC0URN
Kodiak Island Borough,AKKODI0URN
Kusilvak Census Area,
Lake and Peninsula Borough,AKLAKE4URN
Matanuska-Susitna Borough,AKMATA0URN
Nome Census Area,AKNOME0URN
North Slope Borough,AKNORT5URN
Northwest Arctic Borough,AKNORT8URN
Petersburg Borough,
Prince of Wales-Hyder Census Area,LAUCN021980000000003
Sitka City and Borough,
Skagway Municipality,
Southeast Fairbanks Census Area,AKSOUT0URN
Wrangell City and Borough,
Yakutat City and Borough,AKYAKA2URN
Yukon-Koyukuk Census Area,AKYUKO0URN
Eastern District,
Manu'a District,
Rose Island,
Swains Island,
Western District,
Apache County,AZAPAC0URN
Cochise County,AZCOCH0URN
Coconino County,AZCOCO0URN
Gila County,AZGILA7URN
Graham County,AZGRAH9URN
Greenlee County,AZGREE1URN
La Paz County,AZLAPA2URN
Maricopa County,AZMARI3URN
Mohave County,AZMOHA0URN
Navajo County,AZNAVA5URN
Pima County,AZPIMA9URN
Pinal County,AZPINA5URN
Santa Cruz County,AZSANT3URN
Yavapai County,AZYAVA0URN
Yuma County,AZYUMA0URN
Arkansas County,ARARURN
Ashley County,ARASURN
Baxter County,ARBAURN
Benton County,ARBEURN
Boone County,ARBOURN
Bradley County,ARBRURN
Calhoun County,ARCAURN
Carroll County,ARCRURN
Chicot County,ARCHURN
Clark County,ARCLURN
Clay County,ARCYURN
Cleburne County,ARCEURN
Cleveland County,ARCVURN
Columbia County,ARCOURN
Conway County,ARCNURN
Craighead County,ARCIURN
Crawford County,ARCWURN
Crittenden County,ARCTURN
Cross County,ARCSURN
Dallas County,ARDAURN
Desha County,ARDEURN
Drew County,ARDRURN
Faulkner County,ARFAURN
Franklin County,ARFRURN
Fulton County,ARFUURN
Garland County,ARGAURN
Grant County,ARGRURN
Greene County,ARGEURN
Hempstead County,ARHEURN
Hot Spring County,ARHOURN
Howard County,ARHWURN
Independence County,ARINURN
Izard County,ARIZURN
Jackson County,ARJAURN
Jefferson County,ARJEURN
Johnson County,ARJOURN
Lafayette County,ARLAURN
Lawrence County,ARLWURN
Lee County,ARLEURN
Lincoln County,ARLIURN
Little River County,ARLTURN
Logan County,ARLOURN
Lonoke County,ARLNURN
Madison County,ARMAURN
Marion County,ARMRURN
Miller County,ARMIURN
Mississippi County,ARMSURN
Monroe County,ARMOURN
Montgomery County,ARMNURN
Nevada County,ARNEURN
Newton County,
Ouachita County,
Perry County,
Phillips County,
Pike County,
Poinsett County,
Polk County,
Pope County,
Prairie County,
Pulaski County,
Randolph County,
Saline County,
Scott County,
Searcy County,
Sebastian County,
Sevier County,
Sharp County,
St. Francis County,
Stone County,
Union County,
Van Buren County,
Washington County,
White County,
Woodruff County,
Yell County,ARYEURN
Alameda County,CAALAM1URN
Alpine County,CAALPI3URN
Amador County,CAAMAD5URN
Butte County,CABUTT5URN
Calaveras County,CACALA9URN
Colusa County,CACOLU1URN
Contra Costa County,CACONT3URN
Del Norte County,CADELN5URN
El Dorado County,CAELDO5URN
Fresno County,CAFRES9URN
Glenn County,CAGLEN1URN
Humboldt County,CAHUMB0URN
Imperial County,CAIMPE5URN
Inyo County,CAINYO7URN
Kern County,CAKERN0URN
Kings County,CAKING3URN
Lake County,CALAKE3URN
Lassen County,CALASS5URN
Los Angeles County,CALOSA7URN
Madera County,CAMADE0URN
Marin County,CAMARI5URN
Mariposa County,CAMARI3URN
Mendocino County,CAMEND5URN
Merced County,CAMERC0URN
Modoc County,CAMODO9URN
Mono County,CAMONO1URN
Monterey County,CAMONT2URN
Napa County,CANAPA0URN
Nevada County,CANEVA0URN
Orange County,CAORAN7URN
Placer County,CAPLAC0URN
Plumas County,CAPLUM3URN
Riverside County,CARIVE5URN
Sacramento County,CASACR5URN
San Benito County,CASANB9URN
San Bernardino County,CASANB1URN
San Diego County,CASAND5URN
San Francisco County,
San Joaquin County,CASANJ8URN
San Luis Obispo County,CASANL9URN
San Mateo County,CASANM0URN
Santa Barbara County,CASANT1URN
Santa Clara County,CASANT5URN
Santa Cruz County,CASANT3URN
Shasta County,CASHAS5URN
Sierra County,CASIER1URN
Siskiyou County,CASISK3URN
Solano County,CASOLA5URN
Sonoma County,CASONO6URN
Stanislaus County,CASTAN7URN
Sutter County,CASUTT0URN
Tehama County,CATEHA3URN
Trinity County,CATRIN5URN
Tulare County,CATULA1URN
Tuolumne County,CATUOL9URN
Ventura County,CAVENT2URN
Yolo County,CAYOLO3URN
Yuba County,CAYUBA5URN
Adams County,COADAM1URN
Alamosa County,COALAM3URN
Arapahoe County,COARAP0URN
Archuleta County,COARCH7URN
Baca County,COBACA9URN
Bent County,COBENT1URN
Boulder County,COBOUL3URN
Broomfield County,
Chaffee County,COCHAF5URN
Cheyenne County,COCHEY7URN
Clear Creek County,COCLEA9URN
Conejos County,COCONE1URN
Costilla County,COCOST3URN
Crowley County,COCROW5URN
Custer County,COCUST7URN
Delta County,CODELT9URN
Denver County,
Dolores County,CODOLO3URN
Douglas County,CODOUG5URN
Eagle County,COEAGL7URN
El Paso County,COELPA0URN
Elbert County,COELBE9URN
Fremont County,COFREM3URN
Garfield County,COGARF5URN
Gilpin County,COGILP7URN
Grand County,COGRAN9URN
Gunnison County,COGUNN1URN
Hinsdale County,COHINS3URN
Huerfano County,COHUER5URN
Jackson County,COJACK7URN
Jefferson County,COJEFF9URN
Kiowa County,COKIOW1URN
Kit Carson County,COKITC3URN
La Plata County,COLAPL7URN
Lake County,COLAKE5URN
Larimer County,COLARI1URN
Las Animas County,COLASA1URN
Lincoln County,COLINC3URN
Logan County,COLOGA5URN
Mesa County,COMESA5URN
Mineral County,COMINE9URN
Moffat County,COMOFF1URN
Montezuma County,COMONT3URN
Montrose County,COMONT5URN
Morgan County,COMORG7URN
Otero County,COOTER9URN
Ouray County,COOURA1URN
Park County,COPARK3URN
Phillips County,COPHIL5URN
Pitkin County,COPITK7URN
Prowers County,COPROW9URN
Pueblo County,COPUEB2URN
Rio Blanco County,CORIOB3URN
Rio Grande County,CORIOG5URN
Routt County,COROUT7URN
Saguache County,COSAGU9URN
San Juan County,COSANJ1URN
San Miguel County,COSANM3URN
Sedgwick County,COSEDG5URN
Summit County,COSUMM7URN
Teller County,COTELL9URN
Washington County,COWASH1URN
Weld County,COWELD3URN
Yuma County,COYUMA5URN
Northern Islands Municipality,
Rota Municipality,
Saipan Municipality,
Tinian Municipality,
Capitol Planning Region,
Greater Bridgeport Planning Region,
Lower Connecticut River Valley Planning Region,
Naugatuck Valley Planning Region,
Northeastern Connecticut Planning Region,
Northwest Hills Planning Region,
South Central Connecticut Planning Region,
Southeastern Connecticut Planning Region,
Western Connecticut Planning Region,
Kent County,DEKENT1URN
New Castle County,DENEWC3URN
Sussex County,DESUSS0URN
District of Columbia,
Alachua County,FLALAC1URN
Baker County,FLBAKE3URN
Bay County,FLBAYC5URN
Bradford County,FLBRAD7URN
Brevard County,FLBREV3URN
Broward County,FLBROW5URN
Calhoun County,FLCALH3URN
Charlotte County,FLCHAR5URN
Citrus County,FLCITR5URN
Clay County,FLCLAY5URN
Collier County,FLCOLL0URN
Columbia County,FLCOLU3URN
DeSoto County,FLDESO7URN
Dixie County,FLDIXI9URN
Duval County,FLDUVA0URN
Escambia County,FLESCA0URN
Flagler County,FLFLAG5URN
Franklin County,FLFRAN7URN
Gadsden County,FLGADS9URN
Gilchrist County,FLGILC1URN
Glades County,FLGLAD3URN
Gulf County,FLGULF5URN
Hamilton County,FLHAMI7URN
Hardee County,FLHARD9URN
Hendry County,FLHEND1URN
Hernando County,FLHERN3URN
Highlands County,FLHIGH5URN
Hillsborough County,FLHILL7URN
Holmes County,FLHOLM9URN
Indian River County,FLINDI0URN
Jackson County,FLJACK3URN
Jefferson County,FLJEFF5URN
Lafayette County,FLLAFA7URN
Lake County,FLLAKE4URN
Lee County,FLLEEC7URN
Leon County,FLLEON3URN
Levy County,FLLEVY5URN
Liberty County,FLLIBE7URN
Madison County,FLMADI9URN
Manatee County,FLMANA1URN
Marion County,FLMARI7URN
Martin County,FLMART7URN
Miami-Dade County,FLMIAM6URN
Monroe County,FLMONR5URN
Nassau County,FLNASS9URN
Okaloosa County,FLOKAL7URN
Okeechobee County,FLOKEE3URN
Orange County,FLORAN0URN
Osceola County,FLOSCE7URN
Palm Beach County,FLPALM2URN
Pasco County,FLPASC5URN
Pinellas County,FLPINE5URN
Polk County,FLPOLK5URN
Putnam County,FLPUTN7URN
Santa Rosa County,FLSANT7URN
Sarasota County,FLSARA5URN
Seminole County,FLSEMI0URN
St. Johns County,FLSTJO9URN
St. Lucie County,FLSTLU5URN
Sumter County,FLSUMT9URN
Suwannee County,FLSUWA1URN
Taylor County,FLTAYL3URN
Union County,FLUNIO5URN
Volusia County,FLVOLU7URN
Wakulla County,FLWAKU9URN
Walton County,FLWALT1URN
Washington County,FLWASH3URN
Appling County,GAAPPL1URN
Atkinson County,GAATKI3URN
Bacon County,GABACO5URN
Baker County,GABAKE7URN
Baldwin County,GABALD9URN
Banks County,GABANK1URN
Barrow County,GABARR3URN
Bartow County,GABART5URN
Ben Hill County,GABENH7URN
Berrien County,GABERR9URN
Bibb County,GABIBB1URN
Bleckley County,GABLEC3URN
Brantley County,GABRAN5URN
Brooks County,GABROO7URN
Bryan County,GABRYA9URN
Bulloch County,GABULL1URN
Burke County,GABURK3URN
Butts County,GABUTT5URN
Calhoun County,GACALH7URN
Camden County,GACAMD9URN
Candler County,GACAND3URN
Carroll County,GACARR0URN
Catoosa County,GACATO7URN
Charlton County,GACHAR9URN
Chatham County,GACHAT9URN
Chattahoochee County,GACHAT3URN
Chattooga County,GACHAT5URN
Cherokee County,GACHER5URN
Clarke County,GACLAR5URN
Clay County,GACLAY1URN
Clayton County,GACLAY5URN
Clinch County,GACLIN5URN
Cobb County,GACOBB0URN
Coffee County,GACOFF9URN
Colquitt County,GACOLQ1URN
Columbia County,GACOLU3URN
Cook County,GACOOK5URN
Coweta County,GACOWE7URN
Crawford County,GACRAW9URN
Crisp County,GACRIS1URN
Dade County,GADADE3URN
Dawson County,GADAWS5URN
Decatur County,GADECA7URN
DeKalb County,GADEKA9URN
Dodge County,GADODG1URN
Dooly County,GADOOL3URN
Dougherty County,GADOUG5URN
Douglas County,GADOUG0URN
Early County,GAEARL9URN
Echols County,GAECHO1URN
Effingham County,GAEFFI3URN
Elbert County,GAELBE5URN
Emanuel County,GAEMAN7URN
Evans County,GAEVAN9URN
Fannin County,GAFANN1URN
Fayette County,GAFAYE3URN
Floyd County,GAFLOY0URN
Forsyth County,GAFORS7URN
Franklin County,GAFRAN9URN
Fulton County,GAFULT1URN
Gilmer County,GAGILM3URN
Glascock County,GAGLAS5URN
Glynn County,GAGLYN5URN
Gordon County,GAGORD9URN
Grady County,GAGRAD1URN
Greene County,GAGREE3URN
Gwinnett County,GAGWIN7URN
Habersham County,GAHABE7URN
Hall County,GAHALL0URN
Hancock County,GAHANC1URN
Haralson County,GAHARA3URN
Harris County,GAHARR5URN
Hart County,GAHART7URN
Heard County,GAHEAR9URN
Henry County,GAHENR1URN
Houston County,GAHOUS5URN
Irwin County,GAIRWI5URN
Jackson County,GAJACK7URN
Jasper County,GAJASP9URN
Jeff Davis County,GAJEFF1URN
Jefferson County,GAJEFF3URN
Jenkins County,GAJENK5URN
Johnson County,GAJOHN7URN
Jones County,GAJONE9URN
Lamar County,GALAMA1URN
Lanier County,GALANI3URN
Laurens County,GALAUR5URN
Lee County,GALEEC7URN
Liberty County,GALIBE9URN
Lincoln County,GALINC1URN
Long County,GALONG3URN
Lowndes County,GALOWN5URN
Lumpkin County,GALUMP7URN
Macon County,GAMACO3URN
Madison County,GAMADI5URN
Marion County,GAMARI7URN
McDuffie County,GAMCDU9URN
McIntosh County,GAMCIN1URN
Meriwether County,GAMERI9URN
Miller County,GAMILL1URN
Mitchell County,GAMITC5URN
Monroe County,GAMONR7URN
Montgomery County,GAMONT9URN
Morgan County,GAMORG1URN
Murray County,GAMURR3URN
Muscogee County,GAMUSC0URN
Newton County,GANEWT7URN
Oconee County,GAOCON9URN
Oglethorpe County,GAOGLE1URN
Paulding County,GAPAUL3URN
Peach County,GAPEAC5URN
Pickens County,GAPICK7URN
Pierce County,GAPIER9URN
Pike County,GAPIKE1URN
Polk County,GAPOLK3URN
Pulaski County,GAPULA5URN
Putnam County,GAPUTN7URN
Quitman County,GAQUIT9URN
Rabun County,GARABU1URN
Randolph County,GARAND3URN
Richmond County,GARICH5URN
Rockdale County,GAROCK7URN
Schley County,GASCHL9URN
Screven County,GASCRE1URN
Seminole County,GASEMI3URN
Spalding County,GASPAL5URN
Stephens County,GASTEP7URN
Stewart County,GASTEW9URN
Sumter County,GASUMT1URN
Talbot County,GATALB3URN
Taliaferro County,GATALI5URN
Tattnall County,GATATT7URN
Taylor County,GATAYL9URN
Telfair County,GATELF1URN
Terrell County,GATERR3URN
Thomas County,GATHOM5URN
Tift County,GATIFT7URN
Toombs County,GATOOM9URN
Towns County,GATOWN1URN
Treutlen County,GATREU3URN
Troup County,GATROU5URN
Turner County,GATURN7URN
Twiggs County,GATWIG9URN
Union County,GAUNIO1URN
Upson County,GAUPSO3URN
Walker County,GAWALK0URN
Walton County,GAWALT7URN
Ware County,GAWARE9URN
Warren County,GAWARR1URN
Washington County,GAWASH3URN
Wayne County,GAWAYN5URN
Webster County,GAWEBS7URN
Wheeler County,GAWHEE9URN
White County,GAWHIT1URN
Whitfield County,GAWHIT5URN
Wilcox County,GAWILC5URN
Wilkes County,GAWILK7URN
Wilkinson County,GAWILK9URN
Worth County,GAWORT1URN
Guam,
Hawaii County,HIHAWA0URN
Honolulu County,
Kalawao County,
Kauai County,HIKAUA7URN
Maui County,HIMAUI5URN
Ada County,IDADAC1URN
Adams County,IDADAM3URN
Bannock County,IDBANN5URN
Bear Lake County,IDBEAR7URN
Benewah County,IDBENE9URN
Bingham County,IDBING1URN
Blaine County,IDBLAI3URN
Boise County,IDBOIS5URN
Bonner County,IDBONN7URN
Bonneville County,IDBONN0URN
Boundary County,IDBOUN1URN
Butte County,IDBUTT3URN
Camas County,IDCAMA5URN
Canyon County,IDCANY5URN
Caribou County,IDCARI9URN
Cassia County,IDCASS1URN
Clark County,IDCLAR3URN
Clearwater County,IDCLEA5URN
Custer County,IDCUST7URN
Elmore County,IDELMO9URN
Franklin County,IDFRAN1URN
Fremont County,IDFREM3URN
Gem County,IDGEMC5URN
Gooding County,IDGOOD7URN
Idaho County,IDIDAH9URN
Jefferson County,IDJEFF1URN
Jerome County,IDJERO3URN
Kootenai County,IDKOOT0URN
Latah County,IDLATA7URN
Lemhi County,IDLEMH9URN
Lewis County,IDLEWI1URN
Lincoln County,IDLINC3URN
Madison County,IDMADI5URN
Minidoka County,IDMINI7URN
Nez Perce County,IDNEZP9URN
Oneida County,IDONEI1URN
Owyhee County,IDOWYH3URN
Payette County,IDPAYE5URN
Power County,IDPOWE7URN
Shoshone County,IDSHOS9URN
Teton County,IDTETO1URN
Twin Falls County,IDTWIN5URN
Valley County,IDVALL5URN
Washington County,IDWASH7URN
Adams County,ILADURN
Alexander County,ILALURN
Bond County,ILBOURN
Boone County,ILBOON7URN
Brown County,ILBRURN
Bureau County,ILBURE1URN
Calhoun County,ILCAURN
Carroll County,ILCARR5URN
Cass County,ILCASS7URN
Champaign County,ILCHAM9URN
Christian County,ILCHRI1URN
Clark County,ILCLAR3URN
Clay County,ILCYURN
Clinton County,ILCNURN
Coles County,ILCOLE3URN
Cook County,ILCOOK1URN
Crawford County,ILCWURN
Cumberland County,ILCUMB5URN
De Witt County,ILDEWI9URN
DeKalb County,ILDEKA5URN
Douglas County,ILDOUG1URN
DuPage County,ILDUPA0URN
Edgar County,ILEDGA5URN
Edwards County,ILEWURN
Effingham County,ILEFURN
Fayette County,ILFAURN
Ford County,ILFORD3URN
Franklin County,ILFRURN
Fulton County,ILFULT7URN
Gallatin County,ILGAURN
Greene County,ILGRURN
Grundy County,ILGRUN3URN
Hamilton County,ILHAURN
Hancock County,ILHANC7URN
Hardin County,ILHRURN
Henderson County,ILHEND1URN
Henry County,ILHENR0URN
Iroquois County,ILIROQ5URN
Jackson County,ILJAURN
Jasper County,ILJSURN
Jefferson County,ILJEURN
Jersey County,ILJRURN
Jo Daviess County,ILJODA5URN
Johnson County,ILJHURN
Kane County,ILKANE2URN
Kankakee County,ILKANK0URN
Kendall County,ILKEND3URN
Knox County,ILKNOX5URN
Lake County,ILLAKE7URN
LaSalle County,
Lawrence County,ILLWURN
Lee County,ILLEEC3URN
Livingston County,ILLIVI5URN
Logan County,ILLOGA7URN
Macon County,ILMACO2URN
Macoupin County,ILMOURN
Madison County,ILMDURN
Marion County,ILMRURN
Marshall County,ILMARS3URN
Mason County,ILMASO5URN
Massac County,ILMUURN
McDonough County,ILMCDO9URN
McHenry County,ILMCHE0URN
McLean County,ILMCLE2URN
Menard County,ILMENA9URN
Mercer County,ILMERC1URN
Monroe County,ILMYURN
Montgomery County,ILMGURN
Morgan County,ILMIURN
Moultrie County,ILMOUL9URN
Ogle County,ILOGLE1URN
Peoria County,ILPEOR3URN
Perry County,ILPRURN
Piatt County,ILPIAT7URN
Pike County,ILPKURN
Pope County,ILPOURN
Pulaski County,ILPUURN
Putnam County,ILPUTN5URN
Randolph County,ILRAURN
Richland County,ILRIURN
Rock Island County,ILROCK5URN
Saline County,ILSAURN
Sangamon County,ILSANG7URN
Schuyler County,ILSCHU9URN
Scott County,ILSOURN
Shelby County,ILSHEL3URN
St. Clair County,ILSTURN
Stark County,ILSTAR5URN
Stephenson County,ILSTEP7URN
Tazewell County,ILTAZE5URN
Union County,ILUNURN
Vermilion County,ILVERM0URN
Wabash County,ILWAURN
Warren County,ILWARR7URN
Washington County,ILWSURN
Wayne County,ILWYURN
White County,ILWHURN
Whiteside County,ILWHIT5URN
Will County,ILWILL7URN
Williamson County,ILWMURN
Winnebago County,ILWINN1URN
Woodford County,ILWOOD3URN
Adams County,INADAM1URN
Allen County,INALLE3URN
Bartholomew County,INBART5URN
Benton County,INBENT7URN
Blackford County,INBLAC9URN
Boone County,INBOON1URN
Brown County,INBROW3URN
Carroll County,INCARR5URN
Cass County,INCASS7URN
Clark County,INCLURN
Clay County,INCLAY1URN
Clinton County,INCLIN3URN
Crawford County,INCRURN
Daviess County,INDAURN
Dearborn County,INDEAR9URN
Decatur County,INDECA1URN
DeKalb County,INDEKA3URN
Delaware County,INDELA5URN
Dubois County,INDUURN
Elkhart County,INELKH0URN
Fayette County,INFAYE1URN
Floyd County,INFLURN
Fountain County,INFOUN5URN
Franklin County,INFRAN7URN
Fulton County,INFULT9URN
Gibson County,INGIURN
Grant County,INGRAN0URN
Greene County,INGEURN
Hamilton County,INHAMI5URN
Hancock County,INHANC9URN
Harrison County,INHRURN
Hendricks County,INHEND0URN
Henry County,INHENR5URN
Howard County,INHOWA7URN
Huntington County,INHUNT9URN
Jackson County,INJAURN
Jasper County,INJASP3URN
Jay County,INJAYC5URN
Jefferson County,INJEURN
Jennings County,INJENN9URN
Johnson County,INJOHN5URN
Knox County,INKNURN
Kosciusko County,INKOSC5URN
LaGrange County,INLAGR7URN
Lake County,INLAKE9URN
LaPorte County,INLAPO0URN
Lawrence County,INLWURN
Madison County,INMADI5URN
Marion County,INMARI0URN
Marshall County,INMARS9URN
Martin County,INMTURN
Miami County,INMIAM3URN
Monroe County,INMONR5URN
Montgomery County,INMONT7URN
Morgan County,INMORG5URN
Newton County,INNEWT1URN
Noble County,INNOBL3URN
Ohio County,INOHIO5URN
Orange County,INORURN
Owen County,INOWEN9URN
Parke County,INPARK1URN
Perry County,INPEURN
Pike County,INPIURN
Porter County,INPORT5URN
Posey County,INPSURN
Pulaski County,INPULA1URN
Putnam County,INPUTN3URN
Randolph County,INRAND5URN
Ripley County,INRIPL7URN
Rush County,INRUSH9URN
Scott County,INSCURN
Shelby County,INSHEL5URN
Spencer County,INSPURN
St. Joseph County,INSTJO7URN
Starke County,INSTAR9URN
Steuben County,INSTEU1URN
Sullivan County,INSUURN
Switzerland County,INSWURN
Tippecanoe County,INTIPP7URN
Tipton County,INTIPT9URN
Union County,INUNIO1URN
Vanderburgh County,INVAURN
Vermillion County,INVERM5URN
Vigo County,INVIGO0URN
Wabash County,INWABA9URN
Warren County,INWARR1URN
Warrick County,INWIURN
Washington County,INWSURN
Wayne County,INWAYN0URN
Wells County,INWELL9URN
White County,INWHIT1URN
Whitley County,INWHIT3URN
Adair County,IAADAI1URN
Adams County,IAADAM3URN
Allamakee County,IAALLA5URN
Appanoose County,IAAPPA7URN
Audubon County,IAAUDU9URN
Benton County,IABENT1URN
Black Hawk County,IABLAC2URN
Boone County,IABOON5URN
Bremer County,IABREM7URN
Buchanan County,IABUCH9URN
Buena Vista County,IABUEN1URN
Butler County,IABUTL3URN
Calhoun County,IACALH5URN
Carroll County,IACARR7URN
Cass County,IACASS9URN
Cedar County,IACEDA1URN
Cerro Gordo County,IACERR3URN
Cherokee County,IACHER5URN
Chickasaw County,IACHIC7URN
Clarke County,IACLAR9URN
Clay County,IACLAY1URN
Clayton County,IACLAY3URN
Clinton County,IACLIN0URN
Crawford County,IACRAW7URN
Dallas County,IADALL9URN
Davis County,IADAVI1URN
Decatur County,IADECA3URN
Delaware County,IADELA5URN
Des Moines County,IADESM7URN
Dickinson County,IADICK9URN
Dubuque County,IADUBU1URN
Emmet County,IAEMME3URN
Fayette County,IAFAYE5URN
Floyd County,IAFLOY7URN
Franklin County,IAFRAN9URN
Fremont County,IAFREM1URN
Greene County,IAGREE3URN
Grundy County,IAGRUN5URN
Guthrie County,IAGUTH7URN
Hamilton County,IAHAMI9URN
Hancock County,IAHANC1URN
Hardin County,IAHARD3URN
Harrison County,IAHARR5URN
Henry County,IAHENR7URN
Howard County,IAHOWA9URN
Humboldt County,IAHUMB1URN
Ida County,IAIDAC3URN
Iowa County,IAIOWA5URN
Jackson County,IAJACK7URN
Jasper County,IAJASP9URN
Jefferson County,IAJEFF1URN
Johnson County,IAJOHN3URN
Jones County,IAJONE5URN
Keokuk County,IAKEOK7URN
Kossuth County,IAKOSS9URN
Lee County,IALEEC1URN
Linn County,IALINN0URN
Louisa County,IALOUI5URN
Lucas County,IALUCA7URN
Lyon County,IALYON9URN
Madison County,IAMADI1URN
Mahaska County,IAMAHA3URN
Marion County,IAMARI5URN
Marshall County,IAMARS7URN
Mills County,IAMILL9URN
Mitchell County,IAMITC1URN
Monona County,IAMONO3URN
Monroe County,IAMONR5URN
Montgomery County,IAMONT7URN
Muscatine County,IAMUSC9URN
O'Brien County,IAOBRI1URN
Osceola County,IAOSCE3URN
Page County,IAPAGE5URN
Palo Alto County,IAPALO7URN
Plymouth County,IAPLYM9URN
Pocahontas County,IAPOCA1URN
Polk County,IAPOLK3URN
Pottawattamie County,IAPOTT5URN
Poweshiek County,IAPOWE7URN
Ringgold County,IARING9URN
Sac County,IASACC1URN
Scott County,IASCOT3URN
Shelby County,IASHEL5URN
Sioux County,IASIOU7URN
Story County,IASTOR7URN
Tama County,IATAMA1URN
Taylor County,IATAYL3URN
Union County,IAUNIO5URN
Van Buren County,IAVANB7URN
Wapello County,IAWAPE9URN
Warren County,IAWARR1URN
Washington County,IAWASH3URN
Wayne County,IAWAYN5URN
Webster County,IAWEBS7URN
Winnebago County,IAWINN9URN
Winneshiek County,IAWINN1URN
Woodbury County,IAWOOD0URN
Worth County,IAWORT5URN
Wright County,IAWRIG7URN
Allen County,KSALLE1URN
Anderson County,KSANDE3URN
Atchison County,KSATCH5URN
Barber County,KSBARB7URN
Barton County,KSBART9URN
Bourbon County,KSBOUR1URN
Brown County,KSBROW3URN
Butler County,KSBUTL5URN
Chase County,KSCHAS7URN
Chautauqua County,KSCHAU9URN
Cherokee County,KSCHER1URN
Cheyenne County,KSCHEY3URN
Clark County,KSCLAR5URN
Clay County,KSCLAY7URN
Cloud County,KSCLOU9URN
Coffey County,KSCOFF1URN
Comanche County,KSCOMA3URN
Cowley County,KSCOWL5URN
Crawford County,KSCRAW7URN
Decatur County,KSDECA9URN
Dickinson County,KSDICK1URN
Doniphan County,KSDONI3URN
Douglas County,KSDOUG5URN
Edwards County,KSEDWA7URN
Elk County,KSELKC9URN
Ellis County,KSELLI1URN
Ellsworth County,KSELLS3URN
Finney County,KSFINN5URN
Ford County,KSFORD7URN
Franklin County,KSFRAN9URN
Geary County,KSGEAR1URN
Gove County,KSGOVE3URN
Graham County,KSGRAH5URN
Grant County,KSGRAN7URN
Gray County,KSGRAY9URN
Greeley County,KSGREE1URN
Greenwood County,KSGREE3URN
Hamilton County,KSHAMI5URN
Harper County,KSHARP7URN
Harvey County,KSHARV9URN
Haskell County,KSHASK1URN
Hodgeman County,KSHODG3URN
Jackson County,KSJACK5URN
Jefferson County,KSJEFF7URN
Jewell County,KSJEWE9URN
Johnson County,KSJOHN1URN
Kearny County,KSKEAR3URN
Kingman County,KSKING5URN
Kiowa County,KSKIOW7URN
Labette County,KSLABE9URN
Lane County,KSLANE1URN
Leavenworth County,KSLEAV0URN
Lincoln County,KSLINC5URN
Linn County,KSLINN7URN
Logan County,KSLOGA9URN
Lyon County,KSLYON1URN
Marion County,KSMARI5URN
Marshall County,KSMARS7URN
McPherson County,KSMCPH3URN
Meade County,KSMEAD9URN
Miami County,KSMIAM1URN
Mitchell County,KSMITC3URN
Montgomery County,KSMONT5URN
Morris County,KSMORR7URN
Morton County,KSMORT9URN
Nemaha County,KSNEMA1URN
Neosho County,KSNEOS3URN
Ness County,KSNESS5URN
Norton County,KSNORT7URN
Osage County,KSOSAG9URN
Osborne County,KSOSBO1URN
Ottawa County,KSOTTA3URN
Pawnee County,KSPAWN5URN
Phillips County,KSPHIL7URN
Pottawatomie County,KSPOTT9URN
Pratt County,KSPRAT1URN
Rawlins County,KSRAWL3URN
Reno County,KSRENO5URN
Republic County,KSREPU7URN
Rice County,KSRICE9URN
Riley County,KSRILE0URN
Rooks County,KSROOK3URN
Rush County,KSRUSH5URN
Russell County,KSRUSS7URN
Saline County,KSSALI0URN
Scott County,KSSCOT1URN
Sedgwick County,KSSEDG3URN
Seward County,KSSEWA5URN
Shawnee County,KSSHAW5URN
Sheridan County,KSSHER9URN
Sherman County,KSSHER1URN
Smith County,KSSMIT3URN
Stafford County,KSSTAF5URN
Stanton County,KSSTAN7URN
Stevens County,KSSTEV9URN
Sumner County,KSSUMN1URN
Thomas County,KSTHOM3URN
Trego County,KSTREG5URN
Wabaunsee County,KSWABA7URN
Wallace County,KSWALL9URN
Washington County,KSWASH1URN
Wichita County,KSWICH3URN
Wilson County,KSWILS5URN
Woodson County,KSWOOD7URN
Wyandotte County,KSWYAN0URN
Adair County,KYADURN
Allen County,KYALURN
Anderson County,KYANURN
Ballard County,KYBAURN
Barren County,KYBRURN
Bath County,KYBATH1URN
Bell County,KYBELL3URN
Boone County,KYBOON5URN
Bourbon County,KYBOUR7URN
Boyd County,KYBOYD5URN
Boyle County,KYBLURN
Bracken County,KYBRAC3URN
Breathitt County,KYBREA5URN
Breckinridge County,KYBKURN
Bullitt County,KYBIURN
Butler County,KYBNURN
Caldwell County,KYCAURN
Calloway County,KYCLURN
Campbell County,KYCAMP0URN
Carlisle County,KYCRURN
Carroll County,KYCOURN
Carter County,KYCART3URN
Casey County,KYCSURN
Christian County,KYCHURN
Clark County,KYCLAR9URN
Clay County,KYCLAY1URN
Clinton County,KYCIURN
Crittenden County,KYCEURN
Cumberland County,KYCUURN
Daviess County,KYDAURN
Edmonson County,KYEDURN
Elliott County,KYELLI3URN
Estill County,KYESTI5URN
Fayette County,KYFAYE5URN
Fleming County,KYFLEM9URN
Floyd County,KYFLOY1URN
Franklin County,KYFRURN
Fulton County,KYFUURN
Gallatin County,KYGAURN
Garrard County,KYGARR9URN
Grant County,KYGRAN1URN
Graves County,KYGVURN
Grayson County,KYGYURN
Green County,KYGEURN
Greenup County,KYGREE9URN
Hancock County,KYHANC1URN
Hardin County,KYHRURN
Harlan County,KYHARL5URN
Harrison County,KYHARR7URN
Hart County,KYHTURN
Henderson County,KYHEURN
Henry County,KYHNURN
Hickman County,KYHCURN
Hopkins County,KYHOURN
Jackson County,KYJACK9URN
Jefferson County,KYJEURN
Jessamine County,KYJESS3URN
Johnson County,KYJOHN5URN
Kenton County,KYKENT7URN
Knott County,KYKNOT9URN
Knox County,KYKNOX1URN
Larue County,KYLAURN
Laurel County,KYLAUR5URN
Lawrence County,KYLAWR7URN
Lee County,KYLEEC9URN
Leslie County,KYLESL1URN
Letcher County,KYLETC3URN
Lewis County,KYLEWI5URN
Lincoln County,KYLINC7URN
Livingston County,KYLVURN
Logan County,KYLOURN
Lyon County,KYLYURN
Madison County,KYMADI0URN
Magoffin County,KYMAGO3URN
Marion County,KYMIURN
Marshall County,KYMSURN
Martin County,KYMART9URN
Mason County,KYMASO1URN
McCracken County,KYMCURN
McCreary County,KYMCCR7URN
McLean County,KYMLURN
Meade County,KYMEURN
Menifee County,KYMENI5URN
Mercer County,KYMUURN
Metcalfe County,KYMFURN
Monroe County,KYMYURN
Montgomery County,KYMONT3URN
Morgan County,KYMORG5URN
Muhlenberg County,KYMHURN
Nelson County,KYNEURN
Nicholas County,KYNICH1URN
Ohio County,KYOHURN
Oldham County,KYOLURN
Owen County,KYOWURN
Owsley County,KYOWSL9URN
Pendleton County,KYPEND1URN
Perry County,KYPERR3URN
Pike County,KYPIKE0URN
Powell County,KYPOWE7URN
Pulaski County,KYPULA9URN
Robertson County,KYROBE1URN
Rockcastle County,KYROCK3URN
Rowan County,KYROWA5URN
Russell County,KYRUURN
Scott County,KYSCOT9URN
Shelby County,KYSHURN
Simpson County,KYSIURN
Spencer County,KYSPURN
Taylor County,KYTAURN
Todd County,KYTOURN
Trigg County,KYTRURN
Trimble County,KYTIURN
Union County,KYUNURN
Warren County,KYWAURN
Washington County,KYWSURN
Wayne County,KYWYURN
Webster County,KYWEURN
Whitley County,KYWHIT5URN
Wolfe County,KYWOLF7URN
Woodford County,KYWOOD9URN
Acadia Parish,LAACAD0URN
Allen Parish,LAALLE3URN
Ascension Parish,LAASCE0URN
Assumption Parish,LAASSU7URN
Avoyelles Parish,LAAVOY9URN
Beauregard Parish,LABEAU1URN
Bienville Parish,LABIEN3URN
Bossier Parish,LABOSS5URN
Caddo Parish,LACADD7URN
Calcasieu Parish,LACALC9URN
Caldwell Parish,LACALD1URN
Cameron Parish,LACAME3URN
Catahoula Parish,LACATA5URN
Claiborne Parish,LACLAI7URN
Concordia Parish,LACONC9URN
De Soto Parish,LADESO1URN
East Baton Rouge Parish,LAEAST5URN
East Carroll Parish,LAEAST3URN
East Feliciana Parish,LAEAST7URN
Evangeline Parish,LAEVAN9URN
Franklin Parish,LAFRAN1URN
Grant Parish,LAGRAN3URN
Iberia Parish,LAIBER0URN
Iberville Parish,LAIBER7URN
Jackson Parish,LAJACK9URN
Jefferson Davis Parish,LAJEFF3URN
Jefferson Parish,LAJEFF5URN
Lafayette Parish,LALAFA7URN
Lafourche Parish,LALAFO5URN
LaSalle Parish,
Lincoln Parish,LALINC1URN
Livingston Parish,LALIVI7URN
Madison Parish,LAMADI5URN
Morehouse Parish,LAMORE7URN
Natchitoches Parish,LANATC9URN
Orleans Parish,LAORLE0URN
Ouachita Parish,LAOUAC2URN
Plaquemines Parish,LAPLAQ5URN
Pointe Coupee Parish,LAPOIN7URN
Rapides Parish,LARAPI5URN
Red River Parish,LAREDR1URN
Richland Parish,LARICH3URN
Sabine Parish,LASABI5URN
St. Bernard Parish,LASTBE5URN
St. Charles Parish,LASTCH9URN
St. Helena Parish,LASTHE1URN
St. James Parish,LASTJA3URN
St. John the Baptist Parish,LASTJO5URN
St. Landry Parish,LASTLA0URN
St. Martin Parish,LASTMA9URN
St. Mary Parish,LASTMA5URN
St. Tammany Parish,LASTTA0URN
Tangipahoa Parish,LATANG5URN
Tensas Parish,LATENS7URN
Terrebonne Parish,LATERR5URN
Union Parish,LAUNIO1URN
Vermilion Parish,LAVERM3URN
Vernon Parish,LAVERN5URN
Washington Parish,LAWASH7URN
Webster Parish,LAWEBS9URN
West Baton Rouge Parish,LAWEST1URN
West Carroll Parish,LAWEST3URN
West Feliciana Parish,LAWEST5URN
Winn Parish,LAWINN7URN
Androscoggin County,MEANDR0URN
Aroostook County,MEAROO5URN
Cumberland County,MECUMB5URN
Franklin County,MEFRAN7URN
Hancock County,MEHANC9URN
Kennebec County,MEKENN7URN
Knox County,MEKNOX3URN
Lincoln County,MELINC5URN
Oxford County,MEOXFO7URN
Penobscot County,MEPENO0URN
Piscataquis County,MEPISC1URN
Sagadahoc County,MESAGA3URN
Somerset County,MESOME5URN
Waldo County,MEWALD7URN
Washington County,MEWASH9URN
York County,MEYORK0URN
Allegany County,MDALLE0URN
Anne Arundel County,MDANNE5URN
Baltimore city,MDBALT5URN
Baltimore County,MDBALT0URN
Calvert County,MDCALV9URN
Caroline County,MDCARO1URN
Carroll County,MDCARR5URN
Cecil County,MDCECI0URN
Charles County,MDCHAR0URN
Dorchester County,MDDORC9URN
Frederick County,MDFRED5URN
Garrett County,MDGARR3URN
Harford County,MDHARF0URN
Howard County,MDHOWA0URN
Kent County,MDKENT9URN
Montgomery County,MDMONT0URN
Prince George's County,MDPRIN5URN
Queen Anne's County,MDQUEE5URN
Somerset County,MDSOME9URN
St. Mary's County,MDSTMA5URN
Talbot County,MDTALB1URN
Washington County,MDWASH5URN
Wicomico County,MDWICO5URN
Worcester County,MDWORC7URN
Barnstable County,MABARN1URN
Berkshire County,MABERK2URN
Bristol County,MABRIS5URN
Dukes County,MADUKE7URN
Essex County,MAESSE9URN
Franklin County,MAFRAN1URN
Hampden County,MAHAMP0URN
Hampshire County,MAHAMP5URN
Middlesex County,MAMIDD7URN
Nantucket County,
Norfolk County,MANORF1URN
Plymouth County,MAPLYM3URN
Suffolk County,MASUFF5URN
Worcester County,MAWORC7URN
Alcona County,MIALCO1URN
Alger County,MIALGE3URN
Allegan County,MIALLE0URN
Alpena County,MIALPE7URN
Antrim County,MIANTR9URN
Arenac County,MIAREN1URN
Baraga County,MIBARA3URN
Barry County,MIBARR5URN
Bay County,MIBAYC7URN
Benzie County,MIBENZ9URN
Berrien County,MIBERR5URN
Branch County,MIBRAN3URN
Calhoun County,MICALH5URN
Cass County,MICASS7URN
Charlevoix County,MICHAR9URN
Cheboygan County,MICHEB1URN
Chippewa County,MICHIP3URN
Clare County,MICLAR5URN
Clinton County,MICLIN5URN
Crawford County,MICRAW9URN
Delta County,MIDELT1URN
Dickinson County,MIDICK3URN
Eaton County,MIEATO5URN
Emmet County,MIEMME7URN
Genesee County,MIGENE9URN
Gladwin County,MIGLAD1URN
Gogebic County,MIGOGE3URN
Grand Traverse County,MIGRAN0URN
Gratiot County,MIGRAT7URN
Hillsdale County,MIHILL9URN
Houghton County,MIHOUG1URN
Huron County,MIHURO3URN
Ingham County,MIINGH5URN
Ionia County,MIIONI5URN
Iosco County,MIIOSC9URN
Iron County,MIIRON1URN
Isabella County,MIISAB0URN
Jackson County,MIJACK0URN
Kalamazoo County,MIKALA7URN
Kalkaska County,MIKALK9URN
Kent County,MIKENT1URN
Keweenaw County,MIKEWE3URN
Lake County,MILAKE5URN
Lapeer County,MILAPE5URN
Leelanau County,MILEEL9URN
Lenawee County,MILENA5URN
Livingston County,MILIVI3URN
Luce County,MILUCE5URN
Mackinac County,MIMACK7URN
Macomb County,MIMACO9URN
Manistee County,MIMANI1URN
Marquette County,MIMARQ5URN
Mason County,MIMASO5URN
Mecosta County,MIMECO7URN
Menominee County,MIMENO9URN
Midland County,MIMIDL0URN
Missaukee County,MIMISS3URN
Monroe County,MIMONR5URN
Montcalm County,MIMONT7URN
Montmorency County,MIMONT9URN
Muskegon County,MIMUSK1URN
Newaygo County,MINEWA3URN
Oakland County,MIOAKL5URN
Oceana County,MIOCEA7URN
Ogemaw County,MIOGEM9URN
Ontonagon County,MIONTO1URN
Osceola County,MIOSCE3URN
Oscoda County,MIOSCO5URN
Otsego County,MIOTSE7URN
Ottawa County,MIOTTA0URN
Presque Isle County,MIPRES1URN
Roscommon County,MIROSC3URN
Saginaw County,MISAGI5URN
Sanilac County,MISANI1URN
Schoolcraft County,MISCHO3URN
Shiawassee County,MISHIA0URN
St. Clair County,MISTCL5URN
St. Joseph County,MISTJO5URN
Tuscola County,MITUSC7URN
Van Buren County,MIVANB5URN
Washtenaw County,MIWASH1URN
Wayne County,MIWAYN3URN
Wexford County,MIWEXF5URN
Aitkin County,MNAITK1URN
Anoka County,MNANOK5URN
Becker County,MNBECK5URN
Beltrami County,MNBELT7URN
Benton County,MNBENT9URN
Big Stone County,MNBIGS1URN
Blue Earth County,MNBLUE5URN
Brown County,MNBROW5URN
Carlton County,MNCARL7URN
Carver County,MNCARV9URN
Cass County,MNCASS1URN
Chippewa County,MNCHIP3URN
Chisago County,MNCHIS5URN
Clay County,MNCLAY7URN
Clearwater County,MNCLEA9URN
Cook County,MNCOOK1URN
Cottonwood County,MNCOTT3URN
Crow Wing County,MNCROW5URN
Dakota County,MNDAKO5URN
Dodge County,MNDODG9URN
Douglas County,MNDOUG1URN
Faribault County,MNFARI3URN
Fillmore County,MNFILL5URN
Freeborn County,MNFREE7URN
Goodhue County,MNGOOD9URN
Grant County,MNGRAN1URN
Hennepin County,MNHENN3URN
Houston County,MNHOUS5URN
Hubbard County,MNHUBB7URN
Isanti County,MNISAN9URN
Itasca County,MNITAS1URN
Jackson County,MNJACK3URN
Kanabec County,MNKANA5URN
Kandiyohi County,MNKAND7URN
Kittson County,MNKITT9URN
Koochiching County,MNKOOC1URN
Lac qui Parle County,MNLACQ3URN
Lake County,MNLAKE5URN
Lake of the Woods County,MNLAKE7URN
Le Sueur County,MNLESU9URN
Lincoln County,MNLINC1URN
Lyon County,MNLYON3URN
Mahnomen County,MNMAHN7URN
Marshall County,MNMARS9URN
Martin County,MNMART1URN
McLeod County,MNMCLE5URN
Meeker County,MNMEEK3URN
Mille Lacs County,MNMILL5URN
Morrison County,MNMORR7URN
Mower County,MNMOWE9URN
Murray County,MNMURR1URN
Nicollet County,MNNICO3URN
Nobles County,MNNOBL5URN
Norman County,MNNORM7URN
Olmsted County,MNOLMS9URN
Otter Tail County,MNOTTE5URN
Pennington County,MNPENN3URN
Pine County,MNPINE5URN
Pipestone County,MNPIPE7URN
Polk County,MNPOLK9URN
Pope County,MNPOPE1URN
Ramsey County,MNRAMS3URN
Red Lake County,MNREDL5URN
Redwood County,MNREDW7URN
Renville County,MNRENV9URN
Rice County,MNRICE1URN
Rock County,MNROCK3URN
Roseau County,MNROSE5URN
Scott County,MNSCOT9URN
Sherburne County,MNSHER1URN
Sibley County,MNSIBL3URN
St. Louis County,MNSTLO7URN
Stearns County,MNSTEA5URN
Steele County,MNSTEE7URN
Stevens County,MNSTEV9URN
Swift County,MNSWIF1URN
Todd County,MNTODD3URN
Traverse County,MNTRAV5URN
Wabasha County,MNWABA7URN
Wadena County,MNWADE9URN
Waseca County,MNWASE1URN
Washington County,MNWASH5URN
Watonwan County,MNWATO5URN
Wilkin County,MNWILK7URN
Winona County,MNWINO9URN
Wright County,MNWRIG0URN
Yellow Medicine County,MNYELL3URN
Adams County,MSADAM1URN
Alcorn County,MSALURN
Amite County,MSAMIT5URN
Attala County,MSATURN
Benton County,MSBEURN
Bolivar County,MSBOURN
Calhoun County,MSCAURN
Carroll County,MSCRURN
Chickasaw County,MSCHURN
Choctaw County,MSCOURN
Claiborne County,MSCLAI1URN
Clarke County,MSCLAR3URN
Clay County,MSCYURN
Coahoma County,MSCMURN
Copiah County,MSCOPI9URN
Covington County,MSCOVI1URN
DeSoto County,
Forrest County,MSFORR0URN
Franklin County,MSFRAN7URN
George County,MSGEOR9URN
Greene County,MSGREE1URN
Grenada County,MSGNURN
Hancock County,MSHANC5URN
Harrison County,MSHARR7URN
Hinds County,MSHIND9URN
Holmes County,MSHOURN
Humphreys County,MSHUURN
Issaquena County,MSISSA5URN
Itawamba County,MSITURN
Jackson County,MSJACK9URN
Jasper County,MSJASP1URN
Jefferson County,MSJEFF3URN
Jefferson Davis County,MSJEFF5URN
Jones County,MSJONE0URN
Kemper County,MSKEMP9URN
Lafayette County,MSLAURN
Lamar County,MSLAMA3URN
Lauderdale County,MSLAUD5URN
Lawrence County,MSLAWR7URN
Leake County,MSLEAK9URN
Lee County,MSLCURN
Leflore County,MSLFURN
Lincoln County,MSLINC5URN
Lowndes County,MSLOURN
Madison County,MSMADI9URN
Marion County,MSMARI1URN
Marshall County,MSMSURN
Monroe County,MSMOURN
Montgomery County,MSMNURN
Neshoba County,MSNESH9URN
Newton County,MSNEWT1URN
Noxubee County,MSNOURN
Oktibbeha County,MSOKURN
Panola County,MSPAURN
Pearl River County,MSPEAR9URN
Perry County,MSPERR1URN
Pike County,MSPIKE3URN
Pontotoc County,MSPOURN
Prentiss County,MSPNURN
Quitman County,MSQUURN
Rankin County,MSRANK5URN
Scott County,MSSCOT3URN
Sharkey County,MSSHAR5URN
Simpson County,MSSIMP7URN
Smith County,MSSMIT9URN
Stone County,MSSTON1URN
Sunflower County,MSSUURN
Tallahatchie County,MSTAURN
Tate County,MSTTURN
Tippah County,MSTIURN
Tishomingo County,MSTSURN
Tunica County,MSTUURN
Union County,MSUNURN
Walthall County,MSWALT7URN
Warren County,MSWARR5URN
Washington County,MSWSURN
Wayne County,MSWAYN3URN
Webster County,MSWEURN
Wilkinson County,MSWILK7URN
Winston County,MSWNURN
Yalobusha County,MSYAURN
Yazoo County,MSYAZO3URN
Adair County,MOADURN
Andrew County,MOANDR3URN
Atchison County,MOATCH5URN
Audrain County,MOAUURN
Barry County,MOBAURN
Barton County,MOBART1URN
Bates County,MOBATE3URN
Benton County,MOBENT5URN
Bollinger County,MOBOURN
Boone County,MOBNURN
Buchanan County,MOBUCH1URN
Butler County,MOBLURN
Caldwell County,MOCALD5URN
Callaway County,MOCLURN
Camden County,MOCMURN
Cape Girardeau County,MOCPURN
Carroll County,MOCARR3URN
Carter County,MOCTURN
Cass County,MOCASS0URN
Cedar County,MOCEDA9URN
Chariton County,MOCHAR1URN
Christian County,MOCIURN
Clark County,MOCKURN
Clay County,MOCLAY7URN
Clinton County,MOCLIN9URN
Cole County,MOCOURN
Cooper County,MOCOOP3URN
Crawford County,MOCWURN
Dade County,MODAURN
Dallas County,MODLURN
Daviess County,MODAVI1URN
DeKalb County,MODEKA3URN
Dent County,MODNURN
Douglas County,MODOURN
Dunklin County,MODUURN
Franklin County,MOFRURN
Gasconade County,MOGAURN
Gentry County,MOGENT5URN
Greene County,MOGRURN
Grundy County,MOGRUN9URN
Harrison County,MOHARR1URN
Henry County,MOHENR3URN
Hickory County,MOHICK5URN
Holt County,MOHOLT7URN
Howard County,MOHOWA9URN
Howell County,MOHLURN
Iron County,MOIRURN
Jackson County,MOJACK5URN
Jasper County,MOJASP5URN
Jefferson County,MOJEURN
Johnson County,MOJOHN1URN
Knox County,MOKNURN
Laclede County,MOLAURN
Lafayette County,MOLAFA7URN
Lawrence County,MOLWURN
Lewis County,MOLEURN
Lincoln County,MOLIURN
Linn County,MOLINN5URN
Livingston County,MOLIVI7URN
Macon County,MOMAURN
Madison County,MOMDURN
Maries County,MOMRURN
Marion County,MOMIURN
McDonald County,MOMCDO9URN
Mercer County,MOMERC9URN
Miller County,MOMLURN
Mississippi County,MOMSURN
Moniteau County,MOMOURN
Monroe County,MOMNURN
Montgomery County,MOMTURN
Morgan County,MOMORG1URN
New Madrid County,MONEURN
Newton County,MONEWT5URN
Nodaway County,MONODA7URN
Oregon County,MOORURN
Osage County,MOOSURN
Ozark County,MOOZURN
Pemiscot County,MOPEURN
Perry County,MOPRURN
Pettis County,MOPETT9URN
Phelps County,MOPHURN
Pike County,MOPIURN
Platte County,MOPLAT5URN
Polk County,MOPOURN
Pulaski County,MOPUURN
Putnam County,MOPUTN1URN
Ralls County,MORAURN
Randolph County,MORNURN
Ray County,MORAYC7URN
Reynolds County,MOREURN
Ripley County,MORIURN
Saline County,MOSALI5URN
Schuyler County,MOSHURN
Scotland County,MOSOURN
Scott County,MOSUURN
Shannon County,MOSNURN
Shelby County,MOSBURN
St. Charles County,MOSTURN
St. Clair County,MOSTCL5URN
St. Francois County,MOSFURN
St. Louis city,MOSSURN
St. Louis County,MOSLURN
Ste. Genevieve County,MOSEURN
Stoddard County,MOSDURN
Stone County,MOSYURN
Sullivan County,MOSULL1URN
Taney County,MOTAURN
Texas County,MOTEURN
Vernon County,MOVERN7URN
Warren County,MOWAURN
Washington County,MOWSURN
Wayne County,MOWYURN
Webster County,MOWEURN
Worth County,MOWORT7URN
Wright County,MOWRURN
Beaverhead County,MTBEAV1URN
Big Horn County,MTBIGH3URN
Blaine County,MTBLAI5URN
Broadwater County,MTBROA7URN
Carbon County,MTCARB9URN
Carter County,MTCART1URN
Cascade County,MTCASC3URN
Chouteau County,MTCHOU5URN
Custer County,MTCUST7URN
Daniels County,MTDANI9URN
Dawson County,MTDAWS1URN
Deer Lodge County,MTDEER3URN
Fallon County,MTFALL5URN
Fergus County,MTFERG7URN
Flathead County,MTFLAT0URN
Gallatin County,MTGALL1URN
Garfield County,MTGARF3URN
Glacier County,MTGLAC5URN
Golden Valley County,MTGOLD7URN
Granite County,MTGRAN9URN
Hill County,MTHILL1URN
Jefferson County,MTJEFF3URN
Judith Basin County,MTJUDI5URN
Lake County,MTLAKE7URN
Lewis and Clark County,MTLEWI9URN
Liberty County,MTLIBE1URN
Lincoln County,MTLINC3URN
Madison County,MTMADI7URN
McCone County,MTMCCO5URN
Meagher County,MTMEAG9URN
Mineral County,MTMINE1URN
Missoula County,MTMISS0URN
Musselshell County,MTMUSS5URN
Park County,MTPARK7URN
Petroleum County,MTPETR9URN
Phillips County,MTPHIL1URN
Pondera County,MTPOND3URN
Powder River County,MTPOWD5URN
Powell County,MTPOWE7URN
Prairie County,MTPRAI9URN
Ravalli County,MTRAVA1URN
Richland County,MTRICH3URN
Roosevelt County,MTROOS5URN
Rosebud County,MTROSE7URN
Sanders County,MTSAND9URN
Sheridan County,MTSHER1URN
Silver Bow County,MTSILV3URN
Stillwater County,MTSTIL5URN
Sweet Grass County,MTSWEE7URN
Teton County,MTTETO9URN
Toole County,MTTOOL1URN
Treasure County,MTTREA3URN
Valley County,MTVALL5URN
Wheatland County,MTWHEA7URN
Wibaux County,MTWIBA9URN
Yellowstone County,MTYELL1URN
Adams County,NEADAM1URN
Antelope County,NEANTE3URN
Arthur County,NEARTH5URN
Banner County,NEBANN7URN
Blaine County,NEBLAI9URN
Boone County,NEBOON1URN
Box Butte County,NEBOXB3URN
Boyd County,NEBOYD5URN
Brown County,NEBROW7URN
Buffalo County,NEBUFF9URN
Burt County,NEBURT1URN
Butler County,NEBUTL3URN
Cass County,NECASS5URN
Cedar County,NECEDA7URN
Chase County,NECHAS9URN
Cherry County,NECHER1URN
Cheyenne County,NECHEY3URN
Clay County,NECLAY5URN
Colfax County,NECOLF7URN
Cuming County,NECUMI9URN
Custer County,NECUST1URN
Dakota County,NEDAKO3URN
Dawes County,NEDAWE5URN
Dawson County,NEDAWS7URN
Deuel County,NEDEUE9URN
Dixon County,NEDIXO1URN
Dodge County,NEDODG3URN
Douglas County,NEDOUG5URN
Dundy County,NEDUND7URN
Fillmore County,NEFILL9URN
Franklin County,NEFRAN1URN
Frontier County,NEFRON3URN
Furnas County,NEFURN5URN
Gage County,NEGAGE7URN
Garden County,NEGARD9URN
Garfield County,NEGARF1URN
Gosper County,NEGOSP3URN
Grant County,NEGRAN5URN
Greeley County,NEGREE7URN
Hall County,NEHALL9URN
Hamilton County,NEHAMI1URN
Harlan County,NEHARL3URN
Hayes County,NEHAYE5URN
Hitchcock County,NEHITC7URN
Holt County,NEHOLT9URN
Hooker County,NEHOOK1URN
Howard County,NEHOWA3URN
Jefferson County,NEJEFF5URN
Johnson County,NEJOHN7URN
Kearney County,NEKEAR9URN
Keith County,NEKEIT1URN
Keya Paha County,NEKEYA3URN
Kimball County,NEKIMB5URN
Knox County,NEKNOX7URN
Lancaster County,NELANC9URN
Lincoln County,NELINC1URN
Logan County,NELOGA3URN
Loup County,NELOUP5URN
Madison County,NEMADI9URN
McPherson County,NEMCPH7URN
Merrick County,NEMERR1URN
Morrill County,NEMORR3URN
Nance County,NENANC5URN
Nemaha County,NENEMA7URN
Nuckolls County,NENUCK9URN
Otoe County,NEOTOE1URN
Pawnee County,NEPAWN3URN
Perkins County,NEPERK5URN
Phelps County,NEPHEL7URN
Pierce County,NEPIER9URN
Platte County,NEPLAT1URN
Polk County,NEPOLK3URN
Red Willow County,NEREDW5URN
Richardson County,NERICH7URN
Rock County,NEROCK9URN
Saline County,NESALI1URN
Sarpy County,NESARP5URN
Saunders County,NESAUN5URN
Scotts Bluff County,NESCOT7URN
Seward County,NESEWA9URN
Sheridan County,NESHER1URN
Sherman County,NESHER3URN
Sioux County,NESIOU5URN
Stanton County,NESTAN7URN
Thayer County,NETHAY9URN
Thomas County,NETHOM1URN
Thurston County,NETHUR3URN
Valley County,NEVALL5URN
Washington County,NEWASH7URN
Wayne County,NEWAYN9URN
Webster County,NEWEBS1URN
Wheeler County,NEWHEE3URN
York County,NEYORK5URN
Carson City,NVCARS0URN
Churchill County,NVCHUR1URN
Clark County,NVCLAR3URN
Douglas County,NVDOUG5URN
Elko County,NVELKO7URN
Esmeralda County,NVESME9URN
Eureka County,NVEURE1URN
Humboldt County,NVHUMB3URN
Lander County,NVLAND5URN
Lincoln County,NVLINC7URN
Lyon County,NVLYON9URN
Mineral County,NVMINE1URN
Nye County,NVNYEC3URN
Pershing County,NVPERS7URN
Storey County,NVSTOR9URN
Washoe County,NVWASH7URN
White Pine County,NVWHIT3URN
Belknap County,NHBELK1URN
Carroll County,NHCARR3URN
Cheshire County,NHCHES5URN
Coos County,NHCOOS7URN
Grafton County,NHGRAF0URN
Hillsborough County,NHHILL5URN
Merrimack County,NHMERR5URN
Rockingham County,NHROCK5URN
Strafford County,NHSTRA0URN
Sullivan County,NHSULL9URN
Atlantic County,NJATLA2URN
Bergen County,NJBERG5URN
Burlington County,NJBURL0URN
Camden County,NJCAMD7URN
Cape May County,NJCAPE1URN
Cumberland County,NJCUMB2URN
Essex County,NJESSE3URN
Gloucester County,NJGLOU5URN
Hudson County,NJHUDS7URN
Hunterdon County,NJHUNT0URN
Mercer County,NJMERC1URN
Middlesex County,NJMIDD2URN
Monmouth County,NJMONM3URN
Morris County,NJMORR5URN
Ocean County,NJOCEA5URN
Passaic County,NJPASS1URN
Salem County,NJSALE5URN
Somerset County,NJSOME0URN
Sussex County,NJSUSS0URN
Union County,NJUNIO9URN
Warren County,NJWARR5URN
Bernalillo County,NMBERN1URN
Catron County,NMCATR3URN
Chaves County,NMCHAV5URN
Cibola County,NMCIBO6URN
Colfax County,NMCOLF7URN
Curry County,NMCURR9URN
De Baca County,
Doña Ana County,
Eddy County,NMEDDY5URN
Grant County,NMGRAN7URN
Guadalupe County,NMGUAD9URN
Harding County,NMHARD1URN
Hidalgo County,NMHIDA3URN
Lea County,NMLEAC0URN
Lincoln County,NMLINC7URN
Los Alamos County,NMLOSA8URN
Luna County,NMLUNA9URN
McKinley County,NMMCKI5URN
Mora County,NMMORA3URN
Otero County,NMOTER5URN
Quay County,NMQUAY7URN
Rio Arriba County,NMRIOA9URN
Roosevelt County,NMROOS1URN
San Juan County,NMSANJ0URN
San Miguel County,NMSANM7URN
Sandoval County,NMSAND3URN
Santa Fe County,NMSANT5URN
Sierra County,NMSIER1URN
Socorro County,NMSOCO3URN
Taos County,NMTAOS5URN
Torrance County,NMTORR7URN
Union County,NMUNIO9URN
Valencia County,NMVALE0URN
Albany County,NYALBA1URN
Allegany County,NYALLE2URN
Bronx County,NYBRON5URN
Broome County,NYBROO7URN
Cattaraugus County,NYCATT0URN
Cayuga County,NYCAYU5URN
Chautauqua County,NYCHAU5URN
Chemung County,NYCHEM2URN
Chenango County,NYCHEN7URN
Clinton County,NYCLIN0URN
Columbia County,NYCOLU5URN
Cortland County,NYCORT3URN
Delaware County,NYDELA5URN
Dutchess County,NYDUTC7URN
Erie County,NYERIE9URN
Essex County,NYESSE1URN
Franklin County,NYFRAN3URN
Fulton County,NYFULT0URN
Genesee County,NYGENE5URN
Greene County,NYGREE9URN
Hamilton County,NYHAMI1URN
Herkimer County,NYHERK0URN
Jefferson County,NYJEFF0URN
Kings County,NYKING7URN
Lewis County,NYLEWI9URN
Livingston County,NYLIVI0URN
Madison County,NYMADI5URN
Monroe County,NYMONR5URN
Montgomery County,NYMONT0URN
Nassau County,NYNASS9URN
New York County,NYNEWY1URN
Niagara County,NYNIAG3URN
Oneida County,NYONEI5URN
Onondaga County,NYONON7URN
Ontario County,NYONTA5URN
Orange County,NYORAN1URN
Orleans County,NYORLE3URN
Oswego County,NYOSWE5URN
Otsego County,NYOTSE0URN
Putnam County,NYPUTN0URN
Queens County,NYQUEE1URN
Rensselaer County,NYRENS0URN
Richmond County,NYRICH5URN
Rockland County,NYROCK5URN
Saratoga County,NYSARA0URN
Schenectady County,NYSCHE5URN
Schoharie County,NYSCHO5URN
Schuyler County,NYSCHU7URN
Seneca County,NYSENE9URN
St. Lawrence County,NYSTLA5URN
Steuben County,NYSTEU5URN
Suffolk County,NYSUFF0URN
Sullivan County,NYSULL5URN
Tioga County,NYTIOG7URN
Tompkins County,NYTOMP0URN
Ulster County,NYULST0URN
Warren County,NYWARR5URN
Washington County,NYWASH5URN
Wayne County,NYWAYN0URN
Westchester County,NYWEST9URN
Wyoming County,NYWYOM1URN
Yates County,NYYATE3URN
Alamance County,NCALAM1URN
Alexander County,NCALEX3URN
Alleghany County,NCALLE5URN
Anson County,NCANSO7URN
Ashe County,NCASHE9URN
Avery County,NCAVER1URN
Beaufort County,NCBEAU3URN
Bertie County,NCBERT5URN
Bladen County,NCBLAD7URN
Brunswick County,NCBRUN9URN
Buncombe County,NCBUNC1URN
Burke County,NCBURK0URN
Cabarrus County,NCCABA5URN
Caldwell County,NCCALD0URN
Camden County,NCCAMD9URN
Carteret County,NCCART1URN
Caswell County,NCCASW3URN
Catawba County,NCCATA5URN
Chatham County,NCCHAT7URN
Cherokee County,NCCHER9URN
Chowan County,NCCHOW1URN
Clay County,NCCLAY3URN
Cleveland County,NCCLEV0URN
Columbus County,NCCOLU0URN
Craven County,NCCRAV5URN
Cumberland County,NCCUMB2URN
Currituck County,NCCURR3URN
Dare County,NCDARE5URN
Davidson County,NCDAVI4URN
Davie County,NCDAVI9URN
Duplin County,NCDUPL1URN
Durham County,NCDURH8URN
Edgecombe County,NCEDGE5URN
Forsyth County,NCFORS5URN
Franklin County,NCFRAN9URN
Gaston County,NCGAST0URN
Gates County,NCGATE3URN
Graham County,NCGRAH5URN
Granville County,NCGRAN7URN
Greene County,NCGREE9URN
Guilford County,NCGUIL1URN
Halifax County,NCHALI0URN
Harnett County,NCHARN0URN
Haywood County,NCHAYW7URN
Henderson County,NCHEND0URN
Hertford County,NCHERT1URN
Hoke County,NCHOKE3URN
Hyde County,NCHYDE5URN
Iredell County,NCIRED5URN
Jackson County,NCJACK9URN
Johnston County,NCJOHN0URN
Jones County,NCJONE3URN
Lee County,NCLEEC5URN
Lenoir County,NCLENO0URN
Lincoln County,NCLINC9URN
Macon County,NCMACO3URN
Madison County,NCMADI5URN
Martin County,NCMART7URN
McDowell County,NCMCDO1URN
Mecklenburg County,NCMECK9URN
Mitchell County,NCMITC1URN
Montgomery County,NCMONT3URN
Moore County,NCMOOR0URN
Nash County,NCNASH5URN
New Hanover County,NCNEWH9URN
Northampton County,NCNORT1URN
Onslow County,NCONSL5URN
Orange County,NCORAN2URN
Pamlico County,NCPAML7URN
Pasquotank County,NCPASQ9URN
Pender County,NCPEND1URN
Perquimans County,NCPERQ3URN
Person County,NCPERS5URN
Pitt County,NCPITT7URN
Polk County,NCPOLK9URN
Randolph County,NCRAND1URN
Richmond County,NCRICH3URN
Robeson County,NCROBE7URN
Rockingham County,NCROCK0URN
Rowan County,NCROWA5URN
Rutherford County,NCRUTH5URN
Sampson County,NCSAMP3URN
Scotland County,NCSCOT5URN
Stanly County,NCSTAN7URN
Stokes County,NCSTOK9URN
Surry County,NCSURR0URN
Swain County,NCSWAI3URN
Transylvania County,NCTRAN5URN
Tyrrell County,NCTYRR7URN
Union County,NCUNIO5URN
Vance County,NCVANC1URN
Wake County,NCWAKE3URN
Warren County,NCWARR5URN
Washington County,NCWASH7URN
Watauga County,NCWATA9URN
Wayne County,NCWAYN1URN
Wilkes County,NCWILK5URN
Wilson County,NCWILS0URN
Yadkin County,NCYADK7URN
Yancey County,NCYANC9URN
Adams County,NDADAM1URN
Barnes County,NDBARN3URN
Benson County,NDBENS5URN
Billings County,NDBILL7URN
Bottineau County,NDBOTT9URN
Bowman County,NDBOWM1URN
Burke County,NDBURK3URN
Burleigh County,NDBURL5URN
Cass County,NDCASS7URN
Cavalier County,NDCAVA9URN
Dickey County,NDDICK1URN
Divide County,NDDIVI3URN
Dunn County,NDDUNN5URN
Eddy County,NDEDDY7URN
Emmons County,NDEMMO9URN
Foster County,NDFOST1URN
Golden Valley County,NDGOLD3URN
Grand Forks County,NDGRAN5URN
Grant County,NDGRAN7URN
Griggs County,NDGRIG9URN
Hettinger County,NDHETT1URN
Kidder County,NDKIDD3URN
LaMoure County,NDLAMO5URN
Logan County,NDLOGA7URN
McHenry County,NDMCHE9URN
McIntosh County,NDMCIN1URN
McKenzie County,NDMCKE3URN
McLean County,NDMCLE5URN
Mercer County,NDMERC7URN
Morton County,NDMORT9URN
Mountrail County,NDMOUN1URN
Nelson County,NDNELS3URN
Oliver County,NDOLIV5URN
Pembina County,NDPEMB7URN
Pierce County,NDPIER9URN
Ramsey County,NDRAMS1URN
Ransom County,NDRANS3URN
Renville County,NDRENV5URN
Richland County,NDRICH7URN
Rolette County,NDROLE9URN
Sargent County,NDSARG1URN
Sheridan County,NDSHER3URN
Sioux County,NDSIOU5URN
Slope County,NDSLOP7URN
Stark County,NDSTAR9URN
Steele County,NDSTEE1URN
Stutsman County,NDSTUT3URN
Towner County,NDTOWN5URN
Traill County,NDTRAI7URN
Walsh County,NDWALS9URN
Ward County,NDWARD0URN
Wells County,NDWELL3URN
Williams County,NDWILL5URN
Adams County,OHADAM1URN
Allen County,OHALLE0URN
Ashland County,OHASHL5URN
Ashtabula County,OHASHT1URN
Athens County,OHATHE5URN
Auglaize County,OHAUGL1URN
Belmont County,OHBELM0URN
Brown County,OHBROW5URN
Butler County,OHBUTL2URN
Carroll County,OHCARR9URN
Champaign County,OHCHAM1URN
Clark County,OHCLAR5URN
Clermont County,OHCLER0URN
Clinton County,OHCLIN7URN
Columbiana County,OHCOLU9URN
Coshocton County,OHCOSH1URN
Crawford County,OHCRAW0URN
Cuyahoga County,OHCUYA5URN
Darke County,OHDARK0URN
Defiance County,OHDEFI9URN
Delaware County,OHDELA5URN
Erie County,OHERIE5URN
Fairfield County,OHFAIR0URN
Fayette County,OHFAYE7URN
Franklin County,OHFRAN0URN
Fulton County,OHFULT1URN
Gallia County,OHGALL3URN
Geauga County,OHGEAU5URN
Greene County,OHGREE5URN
Guernsey County,OHGUER9URN
Hamilton County,OHHAMI1URN
Hancock County,OHHANC5URN
Hardin County,OHHARD5URN
Harrison County,OHHARR7URN
Henry County,OHHENR9URN
Highland County,OHHIGH1URN
Hocking County,OHHOCK3URN
Holmes County,OHHOLM5URN
Huron County,OHHURO5URN
Jackson County,OHJACK9URN
Jefferson County,OHJEFF0URN
Knox County,OHKNOX3URN
Lake County,OHLAKE2URN
Lawrence County,OHLAWR5URN
Licking County,OHLICK0URN
Logan County,OHLOGA1URN
Lorain County,OHLORA3URN
Lucas County,OHLUCA5URN
Madison County,OHMADI7URN
Mahoning County,OHMAHO9URN
Marion County,OHMARI0URN
Medina County,OHMEDI0URN
Meigs County,OHMEIG5URN
Mercer County,OHMERC7URN
Miami County,OHMIAM5URN
Monroe County,OHMONR1URN
Montgomery County,OHMONT3URN
Morgan County,OHMORG5URN
Morrow County,OHMORR7URN
Muskingum County,OHMUSK0URN
Noble County,OHNOBL1URN
Ottawa County,OHOTTA3URN
Paulding County,OHPAUL5URN
Perry County,OHPERR7URN
Pickaway County,OHPICK9URN
Pike County,OHPIKE1URN
Portage County,OHPORT7URN
Preble County,OHPREB5URN
Putnam County,OHPUTN7URN
Richland County,OHRICH9URN
Ross County,OHROSS5URN
Sandusky County,OHSAND0URN
Scioto County,OHSCIO9URN
Seneca County,OHSENE0URN
Shelby County,OHSHEL9URN
Stark County,OHSTAR1URN
Summit County,OHSUMM3URN
Trumbull County,OHTRUM1URN
Tuscarawas County,OHTUSC5URN
Union County,OHUNIO9URN
Van Wert County,OHVANW1URN
Vinton County,OHVINT3URN
Warren County,OHWARR5URN
Washington County,OHWASH0URN
Wayne County,OHWAYN5URN
Williams County,OHWILL1URN
Wood County,OHWOOD0URN
Wyandot County,OHWYAN5URN
Adair County,OKADAI1URN
Alfalfa County,OKALFA3URN
Atoka County,OKATOK5URN
Beaver County,OKBEAV7URN
Beckham County,OKBECK9URN
Blaine County,OKBLAI1URN
Bryan County,OKBRYA3URN
Caddo County,OKCADD5URN
Canadian County,OKCANA7URN
Carter County,OKCART9URN
Cherokee County,OKCHER1URN
Choctaw County,OKCHOC3URN
Cimarron County,OKCIMA5URN
Cleveland County,OKCLEV7URN
Coal County,OKCOAL9URN
Comanche County,OKCOMA2URN
Cotton County,OKCOTT3URN
Craig County,OKCRAI5URN
Creek County,OKCREE5URN
Custer County,OKCUST9URN
Delaware County,OKDELA1URN
Dewey County,OKDEWE3URN
Ellis County,OKELLI5URN
Garfield County,OKGARF7URN
Garvin County,OKGARV9URN
Grady County,OKGRAD1URN
Grant County,OKGRAN3URN
Greer County,OKGREE5URN
Harmon County,OKHARM7URN
Harper County,OKHARP9URN
Haskell County,OKHASK1URN
Hughes County,OKHUGH3URN
Jackson County,OKJACK5URN
Jefferson County,OKJEFF7URN
Johnston County,OKJOHN9URN
Kay County,OKKAYC1URN
Kingfisher County,OKKING3URN
Kiowa County,OKKIOW5URN
Latimer County,OKLATI7URN
Le Flore County,OKLEFL9URN
Lincoln County,OKLINC1URN
Logan County,OKLOGA3URN
Love County,OKLOVE5URN
Major County,OKMAJO3URN
Marshall County,OKMARS5URN
Mayes County,OKMAYE7URN
McClain County,OKMCCL7URN
McCurtain County,OKMCCU9URN
McIntosh County,OKMCIN1URN
Murray County,OKMURR9URN
Muskogee County,OKMUSK0URN
Noble County,OKNOBL3URN
Nowata County,OKNOWA5URN
Okfuskee County,OKOKFU7URN
Oklahoma County,OKOKLA9URN
Okmulgee County,OKOKMU1URN
Osage County,OKOSAG3URN
Ottawa County,OKOTTA5URN
Pawnee County,OKPAWN7URN
Payne County,OKPAYN0URN
Pittsburg County,OKPITT1URN
Pontotoc County,OKPONT3URN
Pottawatomie County,OKPOTT0URN
Pushmataha County,OKPUSH7URN
Roger Mills County,OKROGE9URN
Rogers County,OKROGE1URN
Seminole County,OKSEMI3URN
Sequoyah County,OKSEQU5URN
Stephens County,OKSTEP7URN
Texas County,OKTEXA9URN
Tillman County,OKTILL1URN
Tulsa County,OKTULS3URN
Wagoner County,OKWAGO5URN
Washington County,OKWASH7URN
Washita County,OKWASH9URN
Woods County,OKWOOD1URN
Woodward County,OKWOOD3URN
Baker County,ORBAKE1URN
Benton County,ORBENT3URN
Clackamas County,ORCLAC5URN
Clatsop County,ORCLAT7URN
Columbia County,ORCOLU9URN
Coos County,ORCOOS1URN
Crook County,ORCROO3URN
Curry County,ORCURR5URN
Deschutes County,ORDESC7URN
Douglas County,ORDOUG5URN
Gilliam County,ORGILL1URN
Grant County,ORGRAN3URN
Harney County,ORHARN5URN
Hood River County,ORHOOD7URN
Jackson County,ORJACK0URN
Jefferson County,ORJEFF1URN
Josephine County,ORJOSE5URN
Klamath County,ORKLAM5URN
Lake County,ORLAKE7URN
Lane County,ORLANE9URN
Lincoln County,ORLINC1URN
Linn County,ORLINN3URN
Malheur County,ORMALH5URN
Marion County,ORMARI7URN
Morrow County,ORMORR9URN
Multnomah County,ORMULT1URN
Polk County,ORPOLK3URN
Sherman County,ORSHER5URN
Tillamook County,ORTILL7URN
Umatilla County,ORUMAT9URN
Union County,ORUNIO1URN
Wallowa County,ORWALL3URN
Wasco County,ORWASC5URN
Washington County,ORWASH5URN
Wheeler County,ORWHEE9URN
Yamhill County,ORYAMH0URN
Adams County,PAADAM0URN
Allegheny County,PAALLE3URN
Armstrong County,PAARMS5URN
Beaver County,PABEAV7URN
Bedford County,PABEDF9URN
Berks County,PABERK2URN
Blair County,PABLAI3URN
Bradford County,PABRAD5URN
Bucks County,PABUCK5URN
Butler County,PABUTL0URN
Cambria County,PACAMB5URN
Cameron County,PACAME3URN
Carbon County,PACARB5URN
Centre County,PACENT0URN
Chester County,PACHES5URN
Clarion County,PACLAR1URN
Clearfield County,PACLEA0URN
Clinton County,PACLIN5URN
Columbia County,PACOLU5URN
Crawford County,PACRAW0URN
Cumberland County,PACUMB0URN
Dauphin County,PADAUP3URN
Delaware County,PADELA0URN
Elk County,PAELKC7URN
Erie County,PAERIE9URN
Fayette County,PAFAYE0URN
Forest County,PAFORE3URN
Franklin County,PAFRAN5URN
Fulton County,PAFULT7URN
Greene County,PAGREE9URN
Huntingdon County,PAHUNT1URN
Indiana County,PAINDI0URN
Jefferson County,PAJEFF5URN
Juniata County,PAJUNI7URN
Lackawanna County,PALACK9URN
Lancaster County,PALANC0URN
Lawrence County,PALAWR0URN
Lebanon County,PALEBA5URN
Lehigh County,PALEHI7URN
Luzerne County,PALUZE0URN
Lycoming County,PALYCO5URN
McKean County,PAMCKE0URN
Mercer County,PAMERC5URN
Mifflin County,PAMIFF7URN
Monroe County,PAMONR5URN
Montgomery County,PAMONT5URN
Montour County,PAMONT3URN
Northampton County,PANORT5URN
Northumberland County,PANORT0URN
Perry County,PAPERR9URN
Philadelphia County,
Pike County,PAPIKE3URN
Potter County,PAPOTT5URN
Schuylkill County,PASCHU4URN
Snyder County,PASNYD9URN
Somerset County,PASOME5URN
Sullivan County,PASULL3URN
Susquehanna County,PASUSQ5URN
Tioga County,PATIOG7URN
Union County,PAUNIO9URN
Venango County,PAVENA5URN
Warren County,PAWARR3URN
Washington County,PAWASH0URN
Wayne County,PAWAYN7URN
Westmoreland County,PAWEST5URN
Wyoming County,PAWYOM1URN
York County,PAYORK0URN
Adjuntas Municipio,
Aguada Municipio,
Aguadilla Municipio,
Aguas Buenas Municipio,
Aibonito Municipio,
Añasco Municipio,
Arecibo Municipio,
Arroyo Municipio,
Barceloneta Municipio,
Barranquitas Municipio,
Bayamón Municipio,
Cabo Rojo Municipio,
Caguas Municipio,
Camuy Municipio,
Canóvanas Municipio,
Carolina Municipio,
Cataño Municipio,
Cayey Municipio,
Ceiba Municipio,
Ciales Municipio,
Cidra Municipio,
Coamo Municipio,
Comerío Municipio,
Corozal Municipio,
Culebra Municipio,
Dorado Municipio,
Fajardo Municipio,
Florida Municipio,
Guánica Municipio,
Guayama Municipio,
Guayanilla Municipio,
Guaynabo Municipio,
Gurabo Municipio,
Hatillo Municipio,
Hormigueros Municipio,
Humacao Municipio,
Isabela Municipio,
Jayuya Municipio,
Juana Díaz Municipio,
Juncos Municipio,
Lajas Municipio,
Lares Municipio,
Las Marías Municipio,
Las Piedras Municipio,
Loíza Municipio,
Luquillo Municipio,
Manatí Municipio,
Maricao Municipio,
Maunabo Municipio,
Mayagüez Municipio,
Moca Municipio,
Morovis Municipio,
Naguabo Municipio,
Naranjito Municipio,
Orocovis Municipio,
Patillas Municipio,
Peñuelas Municipio,
Ponce Municipio,
Quebradillas Municipio,
Rincón Municipio,
Río Grande Municipio,
Sabana Grande Municipio,
Salinas Municipio,
San Germán Municipio,
San Juan Municipio,
San Lorenzo Municipio,
San Sebastián Municipio,
Santa Isabel Municipio,
Toa Alta Municipio,
Toa Baja Municipio,
Trujillo Alto Municipio,
Utuado Municipio,
Vega Alta Municipio,
Vega Baja Municipio,
Vieques Municipio,
Villalba Municipio,
Yabucoa Municipio,
Yauco Municipio,
Bristol County,RIBRIS1URN
Kent County,RIKENT3URN
Newport County,RINEWP5URN
Providence County,RIPROV7URN
Washington County,RIWASH9URN
Abbeville County,SCABBE1URN
Aiken County,SCAIKE0URN
Allendale County,SCALLE5URN
Anderson County,SCANDE7URN
Bamberg County,SCBAMB9URN
Barnwell County,SCBARN1URN
Beaufort County,SCBEAU5URN
Berkeley County,SCBERK0URN
Calhoun County,SCCALH7URN
Charleston County,SCCHAR9URN
Cherokee County,SCCHER1URN
Chester County,SCCHES3URN
Chesterfield County,SCCHES5URN
Clarendon County,SCCLAR7URN
Colleton County,SCCOLL9URN
Darlington County,SCDARL5URN
Dillon County,SCDILL3URN
Dorchester County,SCDORC7URN
Edgefield County,SCEDGE7URN
Fairfield County,SCFAIR9URN
Florence County,SCFLOR0URN
Georgetown County,SCGEOR3URN
Greenville County,SCGREE5URN
Greenwood County,SCGREE0URN
Hampton County,SCHAMP9URN
Horry County,SCHORR1URN
Jasper County,SCJASP3URN
Kershaw County,SCKERS5URN
Lancaster County,SCLANC7URN
Laurens County,SCLAUR5URN
Lee County,SCLEEC1URN
Lexington County,SCLEXI0URN
Marion County,SCMARI7URN
Marlboro County,SCMARL9URN
McCormick County,SCMCCO5URN
Newberry County,SCNEWB1URN
Oconee County,SCOCON3URN
Orangeburg County,SCORAN5URN
Pickens County,SCPICK0URN
Richland County,SCRICH9URN
Saluda County,SCSALU1URN
Spartanburg County,SCSPAR0URN
Sumter County,SCSUMT5URN
Union County,SCUNIO7URN
Williamsburg County,SCWILL9URN
York County,SCYORK5URN
Aurora County,SDAURO3URN
Beadle County,SDBEAD5URN
Bennett County,SDBENN7URN
Bon Homme County,SDBONH9URN
Brookings County,SDBROO1URN
Brown County,SDBROW3URN
Brule County,SDBRUL5URN
Buffalo County,SDBUFF7URN
Butte County,SDBUTT9URN
Campbell County,SDCAMP1URN
Charles Mix County,SDCHAR3URN
Clark County,SDCLAR5URN
Clay County,SDCLAY7URN
Codington County,SDCODI9URN
Corson County,SDCORS1URN
Custer County,SDCUST3URN
Davison County,SDDAVI5URN
Day County,SDDAYC7URN
Deuel County,SDDEUE9URN
Dewey County,SDDEWE1URN
Douglas County,SDDOUG3URN
Edmunds County,SDEDMU5URN
Fall River County,SDFALL7URN
Faulk County,SDFAUL9URN
Grant County,SDGRAN1URN
Gregory County,SDGREG3URN
Haakon County,SDHAAK5URN
Hamlin County,SDHAML7URN
Hand County,SDHAND9URN
Hanson County,SDHANS1URN
Harding County,SDHARD3URN
Hughes County,SDHUGH5URN
Hutchinson County,SDHUTC7URN
Hyde County,SDHYDE9URN
Jackson County,SDJACK1URN
Jerauld County,SDJERA3URN
Jones County,SDJONE5URN
Kingsbury County,SDKING7URN
Lake County,SDLAKE9URN
Lawrence County,SDLAWR1URN
Lincoln County,SDLINC3URN
Lyman County,SDLYMA5URN
Marshall County,SDMARS1URN
McCook County,SDMCCO7URN
McPherson County,SDMCPH9URN
Meade County,SDMEAD3URN
Mellette County,SDMELL5URN
Miner County,SDMINE7URN
Minnehaha County,SDMINN9URN
Moody County,SDMOOD1URN
Oglala Lakota County,
Pennington County,SDPENN3URN
Perkins County,SDPERK5URN
Potter County,SDPOTT7URN
Roberts County,SDROBE9URN
Sanborn County,SDSANB1URN
Spink County,SDSPIN5URN
Stanley County,SDSTAN7URN
Sully County,SDSULL9URN
Todd County,SDTODD1URN
Tripp County,SDTRIP3URN
Turner County,SDTURN5URN
Union County,SDUNIO7URN
Walworth County,SDWALW9URN
Yankton County,SDYANK5URN
Ziebach County,SDZIEB7URN
Anderson County,TNANDE5URN
Bedford County,TNBEDF3URN
Benton County,TNBNURN
Bledsoe County,TNBLED7URN
Blount County,TNBLOU0URN
Bradley County,TNBRAD5URN
Campbell County,TNCAMP3URN
Cannon County,TNCANN5URN
Carroll County,TNCRURN
Carter County,TNCART0URN
Cheatham County,TNCHEA1URN
Chester County,TNCEURN
Claiborne County,TNCLAI5URN
Clay County,TNCLAY7URN
Cocke County,TNCOCK9URN
Coffee County,TNCOFF1URN
Crockett County,TNCCURN
Cumberland County,TNCUMB5URN
Davidson County,TNDAVI5URN
Decatur County,TNDEURN
DeKalb County,TNDEKA1URN
Dickson County,TNDICK3URN
Dyer County,TNDYURN
Fayette County,TNFAURN
Fentress County,TNFENT9URN
Franklin County,TNFRAN1URN
Gibson County,TNGIURN
Giles County,TNGILE5URN
Grainger County,TNGRAI7URN
Greene County,TNGREE5URN
Grundy County,TNGRUN1URN
Hamblen County,TNHAMB3URN
Hamilton County,TNHAMI5URN
Hancock County,TNHANC7URN
Hardeman County,TNHRURN
Hardin County,TNHDURN
Hawkins County,TNHAWK3URN
Haywood County,TNHYURN
Henderson County,TNHEURN
Henry County,TNHCURN
Hickman County,TNHICK1URN
Houston County,TNHOUS3URN
Humphreys County,TNHUMP5URN
Jackson County,TNJACK7URN
Jefferson County,TNJEFF9URN
Johnson County,TNJOHN1URN
Knox County,TNKNOX5URN
Lake County,TNLAURN
Lauderdale County,TNLUURN
Lawrence County,TNLAWR9URN
Lewis County,TNLEWI1URN
Lincoln County,TNLINC3URN
Loudon County,TNLOUD5URN
Macon County,TNMACO1URN
Madison County,TNMDURN
Marion County,TNMARI5URN
Marshall County,TNMARS7URN
Maury County,TNMAUR0URN
McMinn County,TNMCMI7URN
McNairy County,TNMNURN
Meigs County,TNMEIG1URN
Monroe County,TNMONR3URN
Montgomery County,TNMONT5URN
Moore County,TNMOOR7URN
Morgan County,TNMORG9URN
Obion County,TNOBURN
Overton County,TNOVER3URN
Perry County,TNPERR5URN
Pickett County,TNPICK7URN
Polk County,TNPOLK9URN
Putnam County,TNPUTN1URN
Rhea County,TNRHEA3URN
Roane County,TNROAN5URN
Robertson County,TNROBE7URN
Rutherford County,TNRUTH0URN
Scott County,TNSCOT1URN
Sequatchie County,TNSEQU3URN
Sevier County,TNSEVI5URN
Shelby County,TNSHURN
Smith County,TNSMIT9URN
Stewart County,TNSTEW1URN
Sullivan County,TNSULL0URN
Sumner County,TNSUMN5URN
Tipton County,TNTIURN
Trousdale County,TNTROU9URN
Unicoi County,TNUNIC1URN
Union County,TNUNIO3URN
Van Buren County,TNVANB5URN
Warren County,TNWARR7URN
Washington County,TNWASH0URN
Wayne County,TNWAYN1URN
Weakley County,TNWEURN
White County,TNWHIT5URN
Williamson County,TNWILL0URN
Wilson County,TNWILS0URN
Anderson County,TXANDE1URN
Andrews County,TXANDR3URN
Angelina County,TXANGE5URN
Aransas County,TXARAN7URN
Archer County,TXARCH9URN
Armstrong County,TXARMS1URN
Atascosa County,TXATAS3URN
Austin County,TXAUST5URN
Bailey County,TXBAIL7URN
Bandera County,TXBAND9URN
Bastrop County,TXBAST1URN
Baylor County,TXBAYL3URN
Bee County,TXBEEC5URN
Bell County,TXBELL7URN
Bexar County,TXBEXA9URN
Blanco County,TXBLAN1URN
Borden County,TXBORD3URN
Bosque County,TXBOSQ5URN
Bowie County,TXBOWI7URN
Brazoria County,TXBRAZ0URN
Brazos County,TXBRAZ3URN
Brewster County,TXBREW3URN
Briscoe County,TXBRIS5URN
Brooks County,TXBROO7URN
Brown County,TXBROW9URN
Burleson County,TXBURL1URN
Burnet County,TXBURN3URN
Caldwell County,TXCALD5URN
Calhoun County,TXCALH7URN
Callahan County,TXCALL9URN
Cameron County,TXCAME2URN
Camp County,TXCAMP3URN
Carson County,TXCARS5URN
Cass County,TXCASS7URN
Castro County,TXCAST9URN
Chambers County,TXCHAM1URN
Cherokee County,TXCHER3URN
Childress County,TXCHIL5URN
Clay County,TXCLAY7URN
Cochran County,TXCOCH9URN
Coke County,TXCOKE1URN
Coleman County,TXCOLE3URN
Collin County,TXCOLL5URN
Collingsworth County,TXCOLL7URN
Colorado County,TXCOLO9URN
Comal County,TXCOMA1URN
Comanche County,TXCOMA3URN
Concho County,TXCONC5URN
Cooke County,TXCOOK7URN
Coryell County,TXCORY0URN
Cottle County,TXCOTT1URN
Crane County,TXCRAN3URN
Crockett County,TXCROC5URN
Crosby County,TXCROS7URN
Culberson County,TXCULB9URN
Dallam County,TXDALL1URN
Dallas County,TXDALL3URN
Dawson County,TXDAWS5URN
Deaf Smith County,TXDEAF7URN
Delta County,TXDELT9URN
Denton County,TXDENT2URN
DeWitt County,TXDEWI3URN
Dickens County,TXDICK5URN
Dimmit County,TXDIMM7URN
Donley County,TXDONL9URN
Duval County,TXDUVA1URN
Eastland County,TXEAST3URN
Ector County,TXECTO5URN
Edwards County,TXEDWA7URN
El Paso County,TXELPA0URN
Ellis County,TXELLI0URN
Erath County,TXERAT3URN
Falls County,TXFALL5URN
Fannin County,TXFANN7URN
Fayette County,TXFAYE9URN
Fisher County,TXFISH1URN
Floyd County,TXFLOY3URN
Foard County,TXFOAR5URN
Fort Bend County,TXFORT5URN
Franklin County,TXFRAN9URN
Freestone County,TXFREE1URN
Frio County,TXFRIO3URN
Gaines County,TXGAIN5URN
Galveston County,TXGALV7URN
Garza County,TXGARZ9URN
Gillespie County,TXGILL1URN
Glasscock County,TXGLAS3URN
Goliad County,TXGOLI5URN
Gonzales County,TXGONZ7URN
Gray County,TXGRAY9URN
Grayson County,TXGRAY0URN
Gregg County,TXGREG3URN
Grimes County,TXGRIM5URN
Guadalupe County,TXGUAD7URN
Hale County,TXHALE9URN
Hall County,TXHALL1URN
Hamilton County,TXHAMI3URN
Hansford County,TXHANS5URN
Hardeman County,TXHARD7URN
Hardin County,TXHARD9URN
Harris County,TXHARR1URN
Harrison County,TXHARR0URN
Hartley County,TXHART5URN
Haskell County,TXHASK7URN
Hays County,TXHAYS9URN
Hemphill County,TXHEMP1URN
Henderson County,TXHEND3URN
Hidalgo County,TXHIDA5URN
Hill County,TXHILL7URN
Hockley County,TXHOCK9URN
Hood County,TXHOOD1URN
Hopkins County,TXHOPK3URN
Houston County,TXHOUS5URN
Howard County,TXHOWA7URN
Hudspeth County,TXHUDS9URN
Hunt County,TXHUNT0URN
Hutchinson County,TXHUTC3URN
Irion County,TXIRIO5URN
Jack County,TXJACK7URN
Jackson County,TXJACK9URN
Jasper County,TXJASP1URN
Jeff Davis County,TXJEFF3URN
Jefferson County,TXJEFF5URN
Jim Hogg County,TXJIMH7URN
Jim Wells County,TXJIMW9URN
Johnson County,TXJOHN4URN
Jones County,TXJONE3URN
Karnes County,TXKARN5URN
Kaufman County,TXKAUF7URN
Kendall County,TXKEND9URN
Kenedy County,TXKENE1URN
Kent County,TXKENT3URN
Kerr County,TXKERR5URN
Kimble County,TXKIMB7URN
King County,TXKING9URN
Kinney County,TXKINN1URN
Kleberg County,TXKLEB3URN
Knox County,TXKNOX5URN
La Salle County,TXLASA3URN
Lamar County,TXLAMA7URN
Lamb County,TXLAMB9URN
Lampasas County,TXLAMP1URN
Lavaca County,TXLAVA5URN
Lee County,TXLEEC7URN
Leon County,TXLEON9URN
Liberty County,TXLIBE1URN
Limestone County,TXLIME3URN
Lipscomb County,TXLIPS5URN
Live Oak County,TXLIVE7URN
Llano County,TXLLAN9URN
Loving County,TXLOVI1URN
Lubbock County,TXLUBB3URN
Lynn County,TXLYNN5URN
Madison County,TXMADI3URN
Marion County,TXMARI5URN
Martin County,TXMART7URN
Mason County,TXMASO9URN
Matagorda County,TXMATA1URN
Maverick County,TXMAVE3URN
McCulloch County,TXMCCU7URN
McLennan County,TXMCLE9URN
McMullen County,TXMCMU1URN
Medina County,TXMEDI5URN
Menard County,TXMENA7URN
Midland County,TXMIDL9URN
Milam County,TXMILA1URN
Mills County,TXMILL3URN
Mitchell County,TXMITC5URN
Montague County,TXMONT7URN
Montgomery County,TXMONT0URN
Moore County,TXMOOR1URN
Morris County,TXMORR3URN
Motley County,TXMOTL5URN
Nacogdoches County,TXNACO7URN
Navarro County,TXNAVA9URN
Newton County,TXNEWT1URN
Nolan County,TXNOLA3URN
Nueces County,TXNUEC5URN
Ochiltree County,TXOCHI7URN
Oldham County,TXOLDH9URN
Orange County,TXORAN5URN
Palo Pinto County,TXPALO3URN
Panola County,TXPANO5URN
Parker County,TXPARK7URN
Parmer County,TXPARM9URN
Pecos County,TXPECO1URN
Polk County,TXPOLK3URN
Potter County,TXPOTT5URN
Presidio County,TXPRES7URN
Rains County,TXRAIN9URN
Randall County,TXRAND1URN
Reagan County,TXREAG3URN
Real County,TXREAL5URN
Red River County,TXREDR7URN
Reeves County,TXREEV9URN
Refugio County,TXREFU1URN
Roberts County,TXROBE3URN
Robertson County,TXROBE5URN
Rockwall County,TXROCK7URN
Runnels County,TXRUNN9URN
Rusk County,TXRUSK1URN
Sabine County,TXSABI3URN
San Augustine County,TXSANA5URN
San Jacinto County,TXSANJ7URN
San Patricio County,TXSANP5URN
San Saba County,TXSANS1URN
Schleicher County,TXSCHL3URN
Scurry County,TXSCUR5URN
Shackelford County,TXSHAC7URN
Shelby County,TXSHEL9URN
Sherman County,TXSHER1URN
Smith County,TXSMIT3URN
Somervell County,TXSOME5URN
Starr County,TXSTAR7URN
Stephens County,TXSTEP9URN
Sterling County,TXSTER1URN
Stonewall County,TXSTON3URN
Sutton County,TXSUTT5URN
Swisher County,TXSWIS7URN
Tarrant County,TXTARR9URN
Taylor County,TXTAYL1URN
Terrell County,TXTERR3URN
Terry County,TXTERR5URN
Throckmorton County,TXTHRO7URN
Titus County,TXTITU9URN
Tom Green County,TXTOMG1URN
Travis County,TXTRAV3URN
Trinity County,TXTRIN5URN
Tyler County,TXTYLE7URN
Upshur County,TXUPSH9URN
Upton County,TXUPTO1URN
Uvalde County,TXUVAL3URN
Val Verde County,TXVALV5URN
Van Zandt County,TXVANZ7URN
Victoria County,TXVICT0URN
Walker County,TXWALK1URN
Waller County,TXWALL3URN
Ward County,TXWARD5URN
Washington County,TXWASH7URN
Webb County,TXWEBB7URN
Wharton County,TXWHAR1URN
Wheeler County,TXWHEE3URN
Wichita County,TXWICH5URN
Wilbarger County,TXWILB7URN
Willacy County,TXWILL9URN
Williamson County,TXWILL5URN
Wilson County,TXWILS3URN
Winkler County,TXWINK5URN
Wise County,TXWISE7URN
Wood County,TXWOOD9URN
Yoakum County,TXYOAK1URN
Young County,TXYOUN3URN
Zapata County,TXZAPA5URN
Zavala County,TXZAVA7URN
St. Croix Island,
St. John Island,
St. Thomas Island,
Beaver County,UTBEAV1URN
Box Elder County,UTBOXE3URN
Cache County,UTCACH0URN
Carbon County,UTCARB7URN
Daggett County,UTDAGG9URN
Davis County,UTDAVI0URN
Duchesne County,UTDUCH3URN
Emery County,UTEMER5URN
Garfield County,UTGARF7URN
Grand County,UTGRAN9URN
Iron County,UTIRON1URN
Juab County,UTJUAB3URN
Kane County,UTKANE5URN
Millard County,UTMILL7URN
Morgan County,UTMORG9URN
Piute County,UTPIUT1URN
Rich County,UTRICH3URN
Salt Lake County,UTSALT5URN
San Juan County,UTSANJ7URN
Sanpete County,UTSANP9URN
Sevier County,UTSEVI1URN
Summit County,UTSUMM3URN
Tooele County,UTTOOE5URN
Uintah County,UTUINT7URN
Utah County,UTUTAH9URN
Wasatch County,UTWASA1URN
Washington County,UTWASH3URN
Wayne County,UTWAYN5URN
Weber County,UTWEBE7URN
Addison County,VTADDI1URN
Bennington County,VTBENN3URN
Caledonia County,VTCALE5URN
Chittenden County,VTCHIT0URN
Essex County,VTESSE9URN
Franklin County,VTFRAN1URN
Grand Isle County,VTGRAN3URN
Lamoille County,VTLAMO5URN
Orange County,VTORAN7URN
Orleans County,VTORLE9URN
Rutland County,VTRUTL0URN
Washington County,VTWASH0URN
Windham County,VTWIND5URN
Windsor County,VTWIND0URN
Accomack County,VAACCO1URN
Albemarle County,VAALBE7URN
Alexandria city,VAALEX5URN
Alleghany County,VAALLE5URN
Amelia County,VAAMEL7URN
Amherst County,VAAMHE9URN
Appomattox County,VAAPPO1URN
Arlington County,VAARLI0URN
Augusta County,VAAUGU0URN
Bath County,VABATH7URN
Bedford County,VABEDF9URN
Bland County,VABLAN1URN
Botetourt County,VABOTE3URN
Bristol city,VABRIS0URN
Brunswick County,VABRUN5URN
Buchanan County,VABUCH7URN
Buckingham County,VABUCK9URN
Buena Vista city,VABUEN0URN
Campbell County,VACAMP0URN
Caroline County,VACARO3URN
Carroll County,VACARR5URN
Charles City County,VACHAR6URN
Charlotte County,VACHAR7URN
Charlottesville city,VACHAR0URN
Chesapeake city,VACHES7URN
Chesterfield County,VACHES5URN
Clarke County,VACLAR3URN
Colonial Heights city,VACOLO0URN
Covington city,VACOVI0URN
Craig County,VACRAI5URN
Culpeper County,VACULP7URN
Cumberland County,VACUMB9URN
Danville city,VADANV0URN
Dickenson County,VADICK1URN
Dinwiddie County,VADINW3URN
Emporia city,VAEMPO5URN
Essex County,VAESSE7URN
Fairfax city,VAFAIR0URN
Fairfax County,VAFAIR5URN
Falls Church city,VAFALL0URN
Fauquier County,VAFAUQ1URN
Floyd County,VAFLOY3URN
Fluvanna County,VAFLUV5URN
Franklin city,VAFRAN0URN
Franklin County,VAFRAN7URN
Frederick County,VAFRED9URN
Fredericksburg city,VAFRED0URN
Galax city,VAGALA0URN
Giles County,VAGILE1URN
Gloucester County,VAGLOU3URN
Goochland County,VAGOOC5URN
Grayson County,VAGRAY7URN
Greene County,VAGREE9URN
Greensville County,VAGREE1URN
Halifax County,VAHALI3URN
Hampton city,VAHAMP0URN
Hanover County,VAHANO6URN
Harrisonburg city,VAHARR0URN
Henrico County,VAHENR0URN
Henry County,VAHENR5URN
Highland County,VAHIGH1URN
Hopewell city,VAHOPE0URN
Isle of Wight County,VAISLE3URN
James City County,VAJAME5URN
King and Queen County,VAKING7URN
King George County,VAKING9URN
King William County,VAKING1URN
Lancaster County,VALANC3URN
Lee County,VALEEC5URN
Lexington city,VALEXI8URN
Loudoun County,VALOUD5URN
Louisa County,VALOUI9URN
Lunenburg County,VALUNE1URN
Lynchburg city,VALYNC5URN
Madison County,VAMADI3URN
Manassas city,VAMANA3URN
Manassas Park city,VAMANA5URN
Martinsville city,VAMART0URN
Mathews County,VAMATH5URN
Mecklenburg County,VAMECK7URN
Middlesex County,VAMIDD9URN
Montgomery County,VAMONT0URN
Nelson County,VANELS5URN
New Kent County,VANEWK7URN
Newport News city,VANEWP5URN
Norfolk city,VANORF5URN
Northampton County,VANORT1URN
Northumberland County,VANORT3URN
Norton city,VANORT0URN
Nottoway County,VANOTT5URN
Orange County,VAORAN7URN
Page County,VAPAGE9URN
Patrick County,VAPATR1URN
Petersburg city,VAPETE0URN
Pittsylvania County,VAPITT0URN
Poquoson city,VAPOQU5URN
Portsmouth city,VAPORT0URN
Powhatan County,VAPOWH5URN
Prince Edward County,VAPRIN7URN
Prince George County,VAPRIN9URN
Prince William County,VAPRIN3URN
Pulaski County,VAPULA5URN
Radford city,VARADF0URN
Rappahannock County,VARAPP7URN
Richmond city,VARICH0URN
Richmond County,VARICH9URN
Roanoke city,VAROAN0URN
Roanoke County,VAROAN5URN
Rockbridge County,VAROCK3URN
Rockingham County,VAROCK5URN
Russell County,VARUSS7URN
Salem city,VASALE5URN
Scott County,VASCOT9URN
Shenandoah County,VASHEN1URN
Smyth County,VASMYT3URN
Southampton County,VASOUT5URN
Spotsylvania County,VASPOT7URN
Stafford County,VASTAF9URN
Staunton city,VASTAU0URN
Suffolk city,VASUFF0URN
Surry County,VASURR1URN
Sussex County,VASUSS3URN
Tazewell County,VATAZE8URN
Virginia Beach city,VAVIRG5URN
Warren County,VAWARR7URN
Washington County,VAWASH1URN
Waynesboro city,VAWAYN0URN
Westmoreland County,VAWEST3URN
Williamsburg city,VAWILL0URN
Winchester city,VAWINC0URN
Wise County,VAWISE5URN
Wythe County,VAWYTH7URN
York County,VAYORK9URN
Adams County,WAADAM1URN
Asotin County,WAASOT3URN
Benton County,WABENT0URN
Chelan County,WACHEL7URN
Clallam County,WACLAL0URN
Clark County,WACLAR1URN
Columbia County,WACOLU3URN
Cowlitz County,WACOWL5URN
Douglas County,WADOUG7URN
Ferry County,WAFERR9URN
Franklin County,WAFRAN1URN
Garfield County,WAGARF3URN
Grant County,WAGRAN5URN
Grays Harbor County,WAGRAY0URN
Island County,WAISLA9URN
Jefferson County,WAJEFF1URN
King County,WAKING5URN
Kitsap County,WAKITS0URN
Kittitas County,WAKITT7URN
Klickitat County,WAKLIC9URN
Lewis County,WALEWI5URN
Lincoln County,WALINC3URN
Mason County,WAMASO5URN
Okanogan County,WAOKAN7URN
Pacific County,WAPACI9URN
Pend Oreille County,WAPEND1URN
Pierce County,WAPIER6URN
San Juan County,WASANJ5URN
Skagit County,WASKAG5URN
Skamania County,WASKAM9URN
Snohomish County,WASNOH0URN
Spokane County,WASPOK2URN
Stevens County,WASTEV5URN
Thurston County,WATHUR8URN
Wahkiakum County,WAWAHK9URN
Walla Walla County,WAWALL1URN
Whatcom County,WAWHAT5URN
Whitman County,WAWHIT5URN
Yakima County,WAYAKI7URN
Barbour County,WVBARB1URN
Berkeley County,WVBERK3URN
Boone County,WVBOON5URN
Braxton County,WVBRAX7URN
Brooke County,WVBROO9URN
Cabell County,WVCABE1URN
Calhoun County,WVCALH3URN
Clay County,WVCLAY5URN
Doddridge County,WVDODD7URN
Fayette County,WVFAYE5URN
Gilmer County,WVGILM1URN
Grant County,WVGRAN3URN
Greenbrier County,WVGREE5URN
Hampshire County,WVHAMP7URN
Hancock County,WVHANC9URN
Hardy County,WVHARD1URN
Harrison County,WVHARR5URN
Jackson County,WVJACK5URN
Jefferson County,WVJEFF7URN
Kanawha County,WVKANA9URN
Lewis County,WVLEWI1URN
Lincoln County,WVLINC3URN
Logan County,WVLOGA0URN
Marion County,WVMARI0URN
Marshall County,WVMARS1URN
Mason County,WVMASO3URN
McDowell County,WVMCDO5URN
Mercer County,WVMERC0URN
Mineral County,WVMINE7URN
Mingo County,WVMING9URN
Monongalia County,WVMONO5URN
Monroe County,WVMONR3URN
Morgan County,WVMORG5URN
Nicholas County,WVNICH7URN
Ohio County,WVOHIO0URN
Pendleton County,WVPEND1URN
Pleasants County,WVPLEA3URN
Pocahontas County,WVPOCA5URN
Preston County,WVPRES7URN
Putnam County,WVPUTN9URN
Raleigh County,WVRALE5URN
Randolph County,WVRAND3URN
Ritchie County,WVRITC5URN
Roane County,WVROAN7URN
Summers County,WVSUMM9URN
Taylor County,WVTAYL1URN
Tucker County,WVTUCK3URN
Tyler County,WVTYLE5URN
Upshur County,WVUPSH7URN
Wayne County,WVWAYN9URN
Webster County,WVWEBS1URN
Wetzel County,WVWETZ3URN
Wirt County,WVWIRT5URN
Wood County,WVWOOD0URN
Wyoming County,WVWYOM9URN
Adams County,WIADAM1URN
Ashland County,WIASHL3URN
Barron County,WIBARR5URN
Bayfield County,WIBAYF7URN
Brown County,WIBROW9URN
Buffalo County,WIBUFF1URN
Burnett County,WIBURN3URN
Calumet County,WICALU5URN
Chippewa County,WICHIP7URN
Clark County,WICLAR9URN
Columbia County,WICOLU1URN
Crawford County,WICRAW3URN
Dane County,WIDANE5URN
Dodge County,WIDODG5URN
Door County,WIDOOR9URN
Douglas County,WIDOUG1URN
Dunn County,WIDUNN3URN
Eau Claire County,WIEAUC5URN
Florence County,WIFLOR7URN
Fond du Lac County,WIFOND0URN
Forest County,WIFORE1URN
Grant County,WIGRAN0URN
Green County,WIGREE5URN
Green Lake County,WIGREE7URN
Iowa County,WIIOWA9URN
Iron County,WIIRON1URN
Jackson County,WIJACK3URN
Jefferson County,WIJEFF0URN
Juneau County,WIJUNE7URN
Kenosha County,WIKENO9URN
Kewaunee County,WIKEWA1URN
La Crosse County,WILACR3URN
Lafayette County,WILAFA5URN
Langlade County,WILANG7URN
Lincoln County,WILINC9URN
Manitowoc County,WIMANI5URN
Marathon County,WIMARA0URN
Marinette County,WIMARI5URN
Marquette County,WIMARQ7URN
Menominee County,WIMENO8URN
Milwaukee County,WIMILW5URN
Monroe County,WIMONR1URN
Oconto County,WIOCON3URN
Oneida County,WIONEI5URN
Outagamie County,WIOUTA5URN
Ozaukee County,WIOZAU6URN
Pepin County,WIPEPI1URN
Pierce County,WIPIER3URN
Polk County,WIPOLK5URN
Portage County,WIPORT0URN
Price County,WIPRIC9URN
Racine County,WIRACI1URN
Richland County,WIRICH3URN
Rock County,WIROCK0URN
Rusk County,WIRUSK7URN
Sauk County,WISAUK1URN
Sawyer County,WISAWY3URN
Shawano County,WISHAW5URN
Sheboygan County,WISHEB5URN
St. Croix County,WISTCR9URN
Taylor County,WITAYL9URN
Trempealeau County,WITREM1URN
Vernon County,WIVERN3URN
Vilas County,WIVILA5URN
Walworth County,WIWALW0URN
Washburn County,WIWASH9URN
Washington County,WIWASH7URN
Waukesha County,WIWAUK3URN
Waupaca County,WIWAUP5URN
Waushara County,WIWAUS7URN
Winnebago County,WIWINN9URN
Wood County,WIWOOD0URN
Albany County,WYALBA1URN
Big Horn County,WYBIGH3URN
Campbell County,WYCAMP5URN
Carbon County,WYCARB7URN
Converse County,WYCONV9URN
Crook County,WYCROO1URN
Fremont County,WYFREM3URN
Goshen County,WYGOSH5URN
Hot Springs County,WYHOTS7URN
Johnson County,WYJOHN9URN
Laramie County,WYLARA0URN
Lincoln County,WYLINC3URN
Natrona County,WYNATR5URN
Niobrara County,WYNIOB7URN
Park County,WYPARK9URN
Platte County,WYPLAT1URN
Sheridan County,WYSHER3URN
Sublette County,WYSUBL5URN
Sweetwater County,WYSWEE7URN
Teton County,WYTETO9URN
Uinta County,WYUINT1URN
Washakie County,WYWASH3URN
Weston County,WYWEST5URN